timestamp,title,price,original_price,shipping,item_url,discount_percentage
2025-10-31 18:17:12,Apple iPhone 15 Pro Max A2849 1TB Natural Unlocked Very Good Condition,699.99,699.99,Seller pays for return shipping,https://www.ebay.com/itm/357492955429?_trkparms=5373%3A5000006400%7C5374%3ATech%7C5079%3A5000006400,0.0
2025-10-31 18:17:12,Apple iPhone 15 Pro Max A2849 256GB Unlocked Very Good,624.99,624.99,Seller pays for return shipping,https://www.ebay.com/itm/356227859677?_trkparms=5373%3A5000006400%7C5374%3ATech%7C5079%3A5000006400,0.0
2025-10-31 18:17:12,Apple iPhone 14 128GB Network Unlocked Very Good Condition,289.99,289.99,Seller pays for return shipping,https://www.ebay.com/itm/355095070816?_trkparms=5373%3A5000006400%7C5374%3ATech%7C5079%3A5000006400,0.0
2025-10-31 18:17:12,"WD Ultrastar DC HC530 14TB SATA 6G 3.5"" 7200RPM Enterprise HDD - WUH721414ALE604",164.99,199.99,Shipping info unavailable,https://www.ebay.com/itm/155672990441?_trkparms=5373%3A5000006400%7C5374%3ATech%7C5079%3A5000006400,17.5
2025-10-31 18:17:12,Apple iPhone 15 Pro Max A2849 512GB Unlocked Very Good Condition,652.99,652.99,Seller pays for return shipping,https://www.ebay.com/itm/357482464547?_trkparms=5373%3A5000006400%7C5374%3ATech%7C5079%3A5000006400,0.0
2025-10-31 18:17:12,"Apple MacBook Pro18.1 - 16-Inch M1 Pro 3.20GHz,32GB RAM,512GB SSD 10 CPU / 16GPU",752.0,899.0,Shipping info unavailable,https://www.ebay.com/itm/267443422005?_trkparms=5373%3A5000006400%7C5374%3ATech%7C5079%3A5000006400,16.35
2025-10-31 18:17:12,Apple iPhone 14 Pro Max 256GB Unlocked Very Good Condition,499.99,499.99,Seller pays for return shipping,https://www.ebay.com/itm/355896538160?_trkparms=5373%3A5000006400%7C5374%3ATech%7C5079%3A5000006400,0.0
2025-10-31 18:17:12,Apple iPhone 15 Pro A2848 256GB Unlocked Excellent Condition,590.99,1199.99,Seller pays for return shipping,https://www.ebay.com/itm/356895116213?_trkparms=5373%3A5000006400%7C5374%3ATech%7C5079%3A5000006400,50.75
2025-10-31 18:17:12,Apple iPhone 16e 128GB Unlocked Very Good Condition,349.99,349.99,Seller pays for return shipping,https://www.ebay.com/itm/357518035984?_trkparms=5373%3A5000006400%7C5374%3ATech%7C5079%3A5000006400,0.0
2025-10-31 18:17:12,Samsung Galaxy S23 Ultra 512GB S918U Unlocked - Very Good,442.99,1379.99,Shipping info unavailable,https://www.ebay.com/itm/256613651818?_trkparms=5373%3A5000006400%7C5374%3ATech%7C5079%3A5000006400,67.9
2025-10-31 18:17:12,Samsung Galaxy Buds2 Pro R510 - Good,35.99,230.0,Shipping info unavailable,https://www.ebay.com/itm/256411723549?_trkparms=5373%3A5000006400%7C5374%3ATech%7C5079%3A5000006400,84.35
2025-10-31 18:17:12,Apple iPhone 15 A2846 128GB Unlocked Very Good Condition,411.99,411.99,Seller pays for return shipping,https://www.ebay.com/itm/356036255923?_trkparms=5373%3A5000006400%7C5374%3ATech%7C5079%3A5000006400,0.0
2025-10-31 18:17:12,Sony WH-1000XM6 The Best Wireless Noise Canceling Bluetooth Headphones,327.99,449.99,Seller pays for return shipping,https://www.ebay.com/itm/267320613152?_trkparms=5373%3A5000006400%7C5374%3ATech%7C5079%3A5000006400,27.11
2025-10-31 18:17:12,Apple iPhone 14 Pro A2650 (Unlocked) 256GB Space Black (Excellent),419.99,1099.0,Seller pays for return shipping,https://www.ebay.com/itm/286887641602?_trkparms=5373%3A5000006400%7C5374%3ATech%7C5079%3A5000006400,61.78
2025-10-31 18:17:12,Apple iPhone 12 Mini 64GB - Fully Unlocked - VERY GOOD Condition,163.99,174.99,Shipping info unavailable,https://www.ebay.com/itm/226258996651?_trkparms=5373%3A5000006400%7C5374%3ATech%7C5079%3A5000006400,6.29
2025-10-31 18:17:12,Samsung Galaxy S22 Ultra 256GB S908U Unlocked - Very Good,297.99,1299.0,Seller pays for return shipping,https://www.ebay.com/itm/256483219323?_trkparms=5373%3A5000006400%7C5374%3ATech%7C5079%3A5000006400,77.06
2025-10-31 18:17:12,Apple iPhone 15 Pro A2848 128GB Unlocked Excellent,572.99,1099.99,Seller pays for return shipping,https://www.ebay.com/itm/356036210220?_trkparms=5373%3A5000006400%7C5374%3ATech%7C5079%3A5000006400,47.91
2025-10-31 18:17:12,"Apple iPad 9th Gen - WiFi Only - 64GB - 10.2"" - Good",155.0,329.0,Seller pays for return shipping,https://www.ebay.com/itm/166317726715?_trkparms=5373%3A5000006400%7C5374%3ATech%7C5079%3A5000006400,52.89
2025-10-31 18:17:12,Motorola XT2141 Moto Edge 5G 2021 256GB Blue (Unlocked) Smartphone - Very Good,88.79,199.99,Shipping info unavailable,https://www.ebay.com/itm/195919970182?_trkparms=5373%3A5000006400%7C5374%3ATech%7C5079%3A5000006400,55.6
2025-10-31 18:17:12,Apple iPhone 13 A2482 128GB Network Unlocked Very Good Condition,269.99,269.99,Seller pays for return shipping,https://www.ebay.com/itm/354393355064?_trkparms=5373%3A5000006400%7C5374%3ATech%7C5079%3A5000006400,0.0
2025-10-31 18:17:12,Apple iPhone 14 Pro Max 128GB Network Unlocked Very Good Condition,474.99,474.99,Seller pays for return shipping,https://www.ebay.com/itm/355094939620?_trkparms=5373%3A5000006400%7C5374%3ATech%7C5079%3A5000006400,0.0
2025-10-31 18:17:12,Samsung Galaxy S23 Ultra 256GB S918U Unlocked - Excellent,428.99,1199.99,Shipping info unavailable,https://www.ebay.com/itm/256379350806?_trkparms=5373%3A5000006400%7C5374%3ATech%7C5079%3A5000006400,64.25
2025-10-31 18:17:12,Apple iPhone 16 128GB Factory Unlocked AT&T T-Mobile Verizon Very Good Condition,557.95,799.0,Seller pays for return shipping,https://www.ebay.com/itm/306030279890?_trkparms=5373%3A5000006400%7C5374%3ATech%7C5079%3A5000006400,30.17
2025-10-31 18:17:12,Skullcandy SESH ANC Wireless In-ear Bluetooth Earbuds (Certified Refurb)-BLACK,15.99,69.99,Shipping info unavailable,https://www.ebay.com/itm/265983500898?_trkparms=5373%3A5000006400%7C5374%3ATech%7C5079%3A5000006400,77.15
2025-10-31 18:17:12,Apple iPhone 15 Pro A2848 256GB Unlocked - Very Good Condition,565.99,565.99,Seller pays for return shipping,https://www.ebay.com/itm/356227813818?_trkparms=5373%3A5000006400%7C5374%3ATech%7C5079%3A5000006400,0.0
2025-10-31 18:17:12,"Apple MacBook Pro18.1 - 16-Inch M1 Pro 3.20GHz,16GB RAM,512GB SSD 10 CPU / 16GPU",658.0,799.0,Shipping info unavailable,https://www.ebay.com/itm/267443438495?_trkparms=5373%3A5000006400%7C5374%3ATech%7C5079%3A5000006400,17.65
2025-10-31 18:17:12,Apple iPad Air 5 2022 (Wi-Fi) 64GB Space Gray (Excellent),264.99,899.99,Seller pays for return shipping,https://www.ebay.com/itm/286883443911?_trkparms=5373%3A5000006400%7C5374%3ATech%7C5079%3A5000006400,70.56
2025-10-31 18:17:12,"Apple MacBook Pro 14"" M4 Pro chip 24GB RAM 512GB SSD Space Black MX2H3LL/A 2024",1499.03,1999.0,Seller pays for return shipping,https://www.ebay.com/itm/365264460419?_trkparms=5373%3A5000006400%7C5374%3ATech%7C5079%3A5000006400,25.01
2025-10-31 18:17:12,"Acer Nitro 31.5"" Gaming Monitor WQHD 2560x1440 180Hz 250Nit Certified Refurbish.",128.79,279.99,Shipping info unavailable,https://www.ebay.com/itm/256853107342?_trkparms=5373%3A5000006400%7C5374%3ATech%7C5079%3A5000006400,54.0
2025-10-31 18:17:12,Apple iPhone 14 Pro A2650 128GB Network Unlocked Very Good Condition,409.99,409.99,Seller pays for return shipping,https://www.ebay.com/itm/354954088639?_trkparms=5373%3A5000006400%7C5374%3ATech%7C5079%3A5000006400,0.0
2025-10-31 18:17:12,Samsung Galaxy A15 5G SM-A156U Unlocked 128GB Blue Black Good,97.99,399.99,Shipping info unavailable,https://www.ebay.com/itm/186685226924?_trkparms=5373%3A5000006400%7C5374%3ATech%7C5079%3A5000006400,75.5
2025-10-31 18:17:12,"Bose QuietComfort Noise Cancelling Headphones, Certified Refurbished",169.0,359.0,Shipping info unavailable,https://www.ebay.com/itm/166819315978?_trkparms=5373%3A5000006400%7C5374%3ATech%7C5079%3A5000006400,52.92
2025-10-31 18:17:12,Samsung Galaxy S24+ 256GB S926U Unlocked - Open Box,418.99,999.99,Shipping info unavailable,https://www.ebay.com/itm/257131323419?_trkparms=5373%3A5000006400%7C5374%3ATech%7C5079%3A5000006400,58.1
2025-10-31 18:17:12,Sony SRSXV800 XSeries Wireless Portable Bluetooth Karaoke Party Speaker Black,369.99,369.99,Standard Shipping,https://www.ebay.com/itm/375588258429?_trkparms=5373%3A5000006400%7C5374%3ATech%7C5079%3A5000006400,0.0
2025-10-31 18:17:12,"MSI MPG 321CURX QD-OLED 32"" UHD Curved Gaming Monitor, 240Hz/0.03ms HDR 400",739.99,1099.99,Shipping info unavailable,https://www.ebay.com/itm/256999901262?_trkparms=5373%3A5000006400%7C5374%3ATech%7C5079%3A5000006400,32.73
2025-10-31 18:17:12,Apple iPhone 16 A3081 T-Mobile Only 128GB Black Good,409.99,799.99,Shipping info unavailable,https://www.ebay.com/itm/176880660923?_trkparms=5373%3A5000006400%7C5374%3ATech%7C5079%3A5000006400,48.75
2025-10-31 18:17:12,JBL PartyBox Club 120 Portable Bluetooth Speaker with Lights & Mic Input - White,280.0,399.95,Seller pays for return shipping,https://www.ebay.com/itm/157107124721?_trkparms=5373%3A5000006400%7C5374%3ATech%7C5079%3A5000006400,29.99
2025-10-31 18:17:12,Apple iPhone 15 A2846 256GB Unlocked Very Good Condition,472.99,949.99,Seller pays for return shipping,https://www.ebay.com/itm/357341402304?_trkparms=5373%3A5000006400%7C5374%3ATech%7C5079%3A5000006423,50.21
2025-10-31 18:17:12,Apple iPhone 16 256GB Factory Unlocked AT&T T-Mobile Verizon Excellent Condition,651.95,899.0,Seller pays for return shipping,https://www.ebay.com/itm/305910464390?_trkparms=5373%3A5000006400%7C5374%3ATech%7C5079%3A5000006423,27.48
2025-10-31 18:17:12,Apple MacBook Pro 2024 - M4 Pro 14CPU/20GPU 24GB 16.2in - 512GB SSD - Excellent,1700.0,3999.0,Seller pays for return shipping,https://www.ebay.com/itm/167797496394?_trkparms=5373%3A5000006400%7C5374%3ATech%7C5079%3A5000006407,57.49
2025-10-31 18:17:12,"ASUS VivoBook 16"" WUXGA Notebook Intel Core i7-13620H 16GB DDR4 RAM 512GB SSD",499.99,729.99,Seller pays for return shipping,https://www.ebay.com/itm/296584849936?_trkparms=5373%3A5000006400%7C5374%3ATech%7C5079%3A5000006407,31.51
2025-10-31 18:17:12,"Dell Latitude 7410 14"" 16GB 512GB SSD CoreÔøΩ i5-10310U 1.7GHz WIN11P,ÔøΩCarbon",229.99,1859.0,Shipping info unavailable,https://www.ebay.com/itm/365829939363?_trkparms=5373%3A5000006400%7C5374%3ATech%7C5079%3A5000006407,87.63
2025-10-31 18:17:12,"Microsoft Surface Laptop 7 Copilot+PC 13.8"" Touch X Plus 16GB/256GB/Platinum",599.0,999.0,Standard Shipping,https://www.ebay.com/itm/226714780969?_trkparms=5373%3A5000006400%7C5374%3ATech%7C5079%3A5000006407,40.04
2025-10-31 18:17:12,LG OLED42C5P 42 inch Class OLED evo AI C5 4K UHD HDR Smart TV - 2025 Model,848.0,848.0,Seller pays for return shipping,https://www.ebay.com/itm/187497559534?_trkparms=5373%3A5000006400%7C5374%3ATech%7C5079%3A5000006409,0.0
2025-10-31 18:17:12,JBL PartyBox 1000 Portable Bluetooth Party Speaker with Full Panel Light Effects,807.0,1349.95,Seller pays for return shipping,https://www.ebay.com/itm/184651964031?_trkparms=5373%3A5000006400%7C5374%3ATech%7C5079%3A5000006409,40.22
2025-10-31 18:17:12,NEBULA Cosmos 4K SE Smart Projector Dolby Vision 1800 ANSI LM HybridBeam|Refurb,647.99,1299.99,Seller pays for return shipping,https://www.ebay.com/itm/387589546617?_trkparms=5373%3A5000006400%7C5374%3ATech%7C5079%3A5000006409,50.15
2025-10-31 18:17:12,"Samsung QN55LS03FA The Frame 55"" QLED 4K UHD HDR Smart TV ‚Äì 2025 Model",820.0,1799.95,Seller pays for return shipping,https://www.ebay.com/itm/187293719341?_trkparms=5373%3A5000006400%7C5374%3ATech%7C5079%3A5000006409,54.44
2025-10-31 18:17:12,SVBONY MK127 Telescope Maksutov-Cassegrain 127mm for Planetary Observation,479.99,533.32,Expedited Shipping from Greater China,https://www.ebay.com/itm/197423012127?_trkparms=5373%3A5000006400%7C5374%3ATech%7C5079%3A5000006430,10.0
2025-10-31 18:17:12,"SVBONY SV241 Pro Astronomical Telescope Power HUB USB Control, Astrophotography",169.99,242.84,Expedited Shipping from Greater China,https://www.ebay.com/itm/177370794681?_trkparms=5373%3A5000006400%7C5374%3ATech%7C5079%3A5000006430,30.0
2025-10-31 18:17:12,DJI FPV Combo - Certified Refurbished,719.1,1299.0,Shipping info unavailable,https://www.ebay.com/itm/305259444032?_trkparms=5373%3A5000006400%7C5374%3ATech%7C5079%3A5000006430,44.64
2025-10-31 18:17:12,DJI Mavic 3 Pro with DJI RC Triple-Camera Certified Refurbished,2339.1,2339.1,Shipping info unavailable,https://www.ebay.com/itm/306028198306?_trkparms=5373%3A5000006400%7C5374%3ATech%7C5079%3A5000006430,0.0
2025-10-31 18:17:12,Nintendo Switch Lite CHOOSE YOUR COLOR + Free 1 Year Warranty!,159.99,199.99,Seller pays for return shipping,https://www.ebay.com/itm/196223759238?_trkparms=5373%3A5000006400%7C5374%3ATech%7C5079%3A5000006401,20.0
2025-10-31 18:17:12,"Lenovo Legion Go Handheld 8.8"" WQXGA AMD Ryzen Z1 Extreme 16GB 512GB SSD W11H",519.99,699.99,Seller pays for return shipping,https://www.ebay.com/itm/197477612001?_trkparms=5373%3A5000006400%7C5374%3ATech%7C5079%3A5000006401,25.71
2025-10-31 18:17:12,"Rockville TVB2732-2 Padded LCD TV Screen Bag For 1 or 2 ""27"" to ""32"" Monitors",89.95,199.99,Seller pays for return shipping,https://www.ebay.com/itm/354399918720?_trkparms=5373%3A5000006400%7C5374%3ATech%7C5079%3A5000006401,55.02
2025-10-31 18:17:12,"Lenovo Legion Go S 8"" 120Hz Gaming Console AMD Ryzen Z2 32GB RAM 1TB SSD Windows",599.0,899.0,Standard Shipping,https://www.ebay.com/itm/326736246632?_trkparms=5373%3A5000006400%7C5374%3ATech%7C5079%3A5000006401,33.37
2025-10-31 18:17:12,Apple iPad Pro 13-inch 7th gen M4 Chip 512GB WiFi - Black or Silver - Good,919.86,1699.85,Seller pays for return shipping,https://www.ebay.com/itm/187028223989?_trkparms=5373%3A5000006400%7C5374%3ATech%7C5079%3A5000006415,45.89
2025-10-31 18:17:12,"Apple iPad Pro 13"" 7th Gen M4 Chip, 512GB, Wi-Fi - Space Black - 1 YEAR WARRANTY",956.66,1699.0,Seller pays for return shipping,https://www.ebay.com/itm/176904821354?_trkparms=5373%3A5000006400%7C5374%3ATech%7C5079%3A5000006415,43.69
2025-10-31 18:17:12,"Apple iPad Pro 13"" 7th Gen M4 Chip, 512GB, Wi-Fi - Silver - 1 YEAR WARRANTY",956.66,1699.0,Seller pays for return shipping,https://www.ebay.com/itm/176904836915?_trkparms=5373%3A5000006400%7C5374%3ATech%7C5079%3A5000006415,43.69
2025-10-31 18:17:12,"Apple iPad Pro 13"" 7th Gen M4 Chip, 512GB, Wi-Fi - VERY GOOD - 1 YEAR WARRANTY",956.66,1439.85,Seller pays for return shipping,https://www.ebay.com/itm/205340807020?_trkparms=5373%3A5000006400%7C5374%3ATech%7C5079%3A5000006415,33.56
2025-10-31 18:17:12,Apple AirPods Pro 2nd Generation Gen 2 2023 A2968 with Magsafe USB-C Charging,142.95,249.95,Seller pays for return shipping,https://www.ebay.com/itm/285636515887?_trkparms=5373%3A5000006400%7C5374%3ATech%7C5079%3A5000006419,42.81
2025-10-31 18:17:12,Samsung Galaxy Buds FE True Wireless Bluetooth Earbuds Graphite - Excellent,40.05,90.0,Shipping info unavailable,https://www.ebay.com/itm/285820041847?_trkparms=5373%3A5000006400%7C5374%3ATech%7C5079%3A5000006419,55.5
2025-10-31 18:17:12,Samsung Galaxy Buds2 R177 - Excellent,46.99,149.99,Shipping info unavailable,https://www.ebay.com/itm/255453184781?_trkparms=5373%3A5000006400%7C5374%3ATech%7C5079%3A5000006419,68.67
2025-10-31 18:17:12,Sony WF-1000XM5 Truly Wireless Bluetooth Noise Canceling Headphones - Black,139.99,299.99,Seller pays for return shipping,https://www.ebay.com/itm/276015021037?_trkparms=5373%3A5000006400%7C5374%3ATech%7C5079%3A5000006419,53.34
2025-10-31 18:17:12,Netac 1TB 2TB 512GB Internal SSD 2.5'' SATA III 6Gb/s Solid State Drive lot,13.99,13.99,Shipping info unavailable,https://www.ebay.com/itm/314555594439?_trkparms=5373%3A5000006400%7C5374%3ATech%7C5079%3A5000006421,0.0
2025-10-31 18:17:12,Recertified 2TB WD Elements Portable Hard Drive - RWDBUZG0020BBK-WESN,45.99,79.99,Save on combined shipping,https://www.ebay.com/itm/296244823016?_trkparms=5373%3A5000006400%7C5374%3ATech%7C5079%3A5000006421,42.51
2025-10-31 18:17:12,Seagate BarraCuda 8TB ST8000DM004 (Recertified),125.0,125.0,Shipping info unavailable,https://www.ebay.com/itm/236170725942?_trkparms=5373%3A5000006400%7C5374%3ATech%7C5079%3A5000006421,0.0
2025-10-31 18:17:12,"Bose Ultra Open Earbuds, Certified Refurbished",149.0,299.0,Shipping info unavailable,https://www.ebay.com/itm/186628375702?_trkparms=5373%3A5000006400%7C5374%3ATech%7C5079%3A5000006403,50.17
2025-10-31 18:17:12,JBL PartyBox Stage 320 Illuminated LED Wireless Bluetooth Speaker - Black,375.99,599.99,Seller pays for return shipping,https://www.ebay.com/itm/157359929835?_trkparms=5373%3A5000006400%7C5374%3ATech%7C5079%3A5000006403,37.33
2025-10-31 18:17:12,Skullcandy CRUSHER ANC XT 2 Wireless Headphones-BLACK (Cert Refurb),85.99,199.99,Shipping info unavailable,https://www.ebay.com/itm/375226678774?_trkparms=5373%3A5000006400%7C5374%3ATech%7C5079%3A5000006403,57.0
2025-10-31 18:17:12,Canon imageCLASS MF753Cdw Wireless Duplex Laser Printer with Scanning and Fax,333.99,399.95,Standard Shipping,https://www.ebay.com/itm/376410019331?_trkparms=5373%3A5000006400%7C5374%3ATech%7C5079%3A5000006417,16.49
2025-10-31 18:17:12,Canon imageCLASS D1620 Duplex Laser Printer (Certified Refurbished),251.99,379.95,Standard Shipping,https://www.ebay.com/itm/376458445210?_trkparms=5373%3A5000006400%7C5374%3ATech%7C5079%3A5000006417,33.68
2025-10-31 18:17:12,HP HP-OJPRO9128E-RB OfficeJet Pro 9128e All-in-One Printer-Certified Refurbished,128.79,169.99,Seller pays for return shipping,https://www.ebay.com/itm/135849081171?_trkparms=5373%3A5000006400%7C5374%3ATech%7C5079%3A5000006417,24.24
2025-10-31 18:17:12,Canon imageCLASS MF445dw All-In-One Laser Printer (Refurbished),199.95,239.95,Standard Shipping,https://www.ebay.com/itm/286645988906?_trkparms=5373%3A5000006400%7C5374%3ATech%7C5079%3A5000006417,16.67
2025-10-31 18:17:12,"REDTIGER Dash Camera 4K Front and Rear Dash Cam Built-In WiFi & GPS, App control",64.49,129.49,Shipping info unavailable,https://www.ebay.com/itm/285933024479?_trkparms=5373%3A5000006400%7C5374%3ATech%7C5079%3A5000006432,50.2
2025-10-31 18:17:12,X7 HD 24V 12V Diesel Heavy Duty Truck Scanner E-CU Coding All System DPF Regen,674.99,899.99,Standard Shipping,https://www.ebay.com/itm/154567834067?_trkparms=5373%3A5000006400%7C5374%3ATech%7C5079%3A5000006432,25.0
2025-10-31 18:17:12,REDTIGER 4K Dash Cam Front and Rear Dual Dash Camera WIFI&GPS With 32GB SD Card,64.49,129.49,Shipping info unavailable,https://www.ebay.com/itm/285048811560?_trkparms=5373%3A5000006400%7C5374%3ATech%7C5079%3A5000006432,50.2
2025-10-31 18:17:12,2025 Thinkscan Plus S7 Car OBD2 Scanner Auto Diagnostic Tool ABS SRS BCM IC AC,119.99,189.99,Shipping info unavailable,https://www.ebay.com/itm/394131576153?_trkparms=5373%3A5000006400%7C5374%3ATech%7C5079%3A5000006432,36.84
2025-10-31 18:17:12,Canon EF 200mm f2.8 L II USM Lens #Q,400.7,430.86,Seller pays for return shipping,https://www.ebay.com/itm/146853896899?_trkparms=5373%3A5000006400%7C5374%3ATech%7C5079%3A5000006425,7.0
2025-10-31 18:17:12,Fujifilm XF 16-80mm f/4 R OIS WR Lens,549.95,799.0,Shipping info unavailable,https://www.ebay.com/itm/326577238364?_trkparms=5373%3A5000006400%7C5374%3ATech%7C5079%3A5000006425,31.17
2025-10-31 18:17:12,Canon Mount Adapter EF-EOS R for Canon EF/EF-S Lens to EOS R Camera,119.95,119.95,Shipping info unavailable,https://www.ebay.com/itm/323762011186?_trkparms=5373%3A5000006400%7C5374%3ATech%7C5079%3A5000006425,0.0
2025-10-31 18:17:12,Canon RF 24-70mm f/2.8L IS USM Lens,2099.95,2299.0,Shipping info unavailable,https://www.ebay.com/itm/324021848741?_trkparms=5373%3A5000006400%7C5374%3ATech%7C5079%3A5000006425,8.66
2025-10-31 18:17:12,eufy SoloCam S340 Outdoor Solar Security Camera 3K Dual-Camera Pan&Tilt 8xZoom,132.99,199.99,Seller pays for return shipping,https://www.ebay.com/itm/387549414157?_trkparms=5373%3A5000006400%7C5374%3ATech%7C5079%3A5000006413,33.5
2025-10-31 18:17:12,Vera Bradley Women's Outlet Ultralight Essential Cord Organizer NWT,23.7,59.0,Economy Shipping,https://www.ebay.com/itm/365930191727?_trkparms=5373%3A5000006400%7C5374%3ATech%7C5079%3A5000006427,59.83
2025-10-31 18:17:12,Vera Bradley Women's Outlet Ultralight Laptop Workstation Crossbody Bag NWT,41.7,119.0,Economy Shipping,https://www.ebay.com/itm/365930191290?_trkparms=5373%3A5000006400%7C5374%3ATech%7C5079%3A5000006427,64.96
2025-10-31 18:17:12,Vera Bradley Outlet Large Tech Sleeve,23.7,59.0,Economy Shipping,https://www.ebay.com/itm/365926632547?_trkparms=5373%3A5000006400%7C5374%3ATech%7C5079%3A5000006427,59.83
2025-10-31 18:17:12,Vera Bradley Outlet Essential Cord Organizer,19.5,45.0,Economy Shipping,https://www.ebay.com/itm/365926632765?_trkparms=5373%3A5000006400%7C5374%3ATech%7C5079%3A5000006427,56.67
2025-10-31 18:17:12,Apple Watch Series 10 46mm GPS + WiFi + Cellular Unlocked Aluminum - Excellent,284.79,599.99,Shipping info unavailable,https://www.ebay.com/itm/316169970498?_trkparms=5373%3A5000006400%7C5374%3ATech%7C5079%3A5000006411,52.53
2025-10-31 18:17:12,Apple Watch Ultra 2 49mm Gps + Cellular - Band 64GB - Excellent,499.0,499.0,Seller pays for return shipping,https://www.ebay.com/itm/167087869217?_trkparms=5373%3A5000006400%7C5374%3ATech%7C5079%3A5000006411,0.0
2025-10-31 18:17:12,"Refurbished HUION Kamvas 13 (Gen 3) 13.3"" Graphic Tablet Pen Display PenTech4.0",189.0,189.0,Standard Shipping,https://www.ebay.com/itm/335778622198?_trkparms=5373%3A5000006400%7C5374%3ATech%7C5079%3A5000006405,0.0
2025-10-31 18:17:12,Huion KAMVAS 22 Graphics Drawing Tablet with Screen OTG Certified Refurbished,298.9,449.0,Standard Shipping,https://www.ebay.com/itm/234028480288?_trkparms=5373%3A5000006400%7C5374%3ATech%7C5079%3A5000006405,33.43
2025-10-31 18:17:12,Refurbished HUION KAMVAS PRO 16 Graphic Drawing Monitor Pen Display+Touch Bar,234.5,379.0,Standard Shipping,https://www.ebay.com/itm/336080166779?_trkparms=5373%3A5000006400%7C5374%3ATech%7C5079%3A5000006405,38.13
2025-10-31 18:17:12,XP-Pen Artist 24 Pro Gen2 4K Graphics Drawing Tablet Full Lamination 16384 ‚ñ≥E Ôºú1,883.99,1299.99,Standard Shipping,https://www.ebay.com/itm/396360742557?_trkparms=5373%3A5000006400%7C5374%3ATech%7C5079%3A5000006405,32.0
2025-10-31 21:11:40,Samsung Galaxy S23 128GB S911U Unlocked - Excellent,232.99,799.99,FREE 2-DAY SHIPPING,https://www.ebay.com/itm/256372271129?_trkparms=5373%3A5000006400%7C5374%3ATech%7C5079%3A5000006400,70.88
2025-10-31 21:11:40,Apple iPhone 16 Pro 128GB Unlocked Very Good Condition,676.99,676.99,for shipping options.,https://www.ebay.com/itm/356605660694?_trkparms=5373%3A5000006400%7C5374%3ATech%7C5079%3A5000006400,0.0
2025-10-31 21:11:40,Apple iPhone 16 Pro Max 256GB Unlocked Excellent Condition,898.99,898.99,+ shipping,https://www.ebay.com/itm/356605681295?_trkparms=5373%3A5000006400%7C5374%3ATech%7C5079%3A5000006400,0.0
2025-10-31 21:11:40,Epson PowerLite 800F 1080p 5000 Lumens Ultra Short-throw Laser Projector,1524.0,2499.0,+ $90.00 shipping,https://www.ebay.com/itm/175044797583?_trkparms=5373%3A5000006400%7C5374%3ATech%7C5079%3A5000006400,39.02
2025-10-31 21:11:40,"HP 17.3"" FHD Notebook AMD Ryzen 5 7430U 8GB RAM 256GB SSD Natural Silver",364.99,599.99,+ shipping,https://www.ebay.com/itm/295907273733?_trkparms=5373%3A5000006400%7C5374%3ATech%7C5079%3A5000006400,39.17
2025-10-31 21:11:40,Samsung Galaxy S22 S901 128GB Unlocked - Very Good,154.95,1199.99,for shipping options.,https://www.ebay.com/itm/404513869457?_trkparms=5373%3A5000006400%7C5374%3ATech%7C5079%3A5000006400,87.09
2025-10-31 21:11:40,Apple iPhone 13 A2482 T-Mobile Only 128GB Midnight Good,221.99,699.99,FREE 2-DAY SHIPPING,https://www.ebay.com/itm/176451056217?_trkparms=5373%3A5000006400%7C5374%3ATech%7C5079%3A5000006400,68.29
2025-10-31 21:11:40,Apple iPhone 14 Pro A2650 256GB Unlocked Very Good Condition,448.99,448.99,for shipping options.,https://www.ebay.com/itm/355896536737?_trkparms=5373%3A5000006400%7C5374%3ATech%7C5079%3A5000006400,0.0
2025-10-31 21:11:40,Galaxy S20FE 5G Unlocked All Colors 128GB-Very Good,121.0,299.0,for shipping options.,https://www.ebay.com/itm/136348524522?_trkparms=5373%3A5000006400%7C5374%3ATech%7C5079%3A5000006400,59.53
2025-10-31 21:11:40,Samsung Galaxy S22 Plus S906 128GB Unlocked - Very Good,174.95,999.99,for shipping options.,https://www.ebay.com/itm/365357929085?_trkparms=5373%3A5000006400%7C5374%3ATech%7C5079%3A5000006400,82.5
2025-10-31 21:11:40,Apple iPhone 12 256GB - Fully Unlocked - VERY GOOD Condition,233.99,249.99,Free shipping,https://www.ebay.com/itm/226308512508?_trkparms=5373%3A5000006400%7C5374%3ATech%7C5079%3A5000006400,6.4
2025-10-31 21:11:40,Apple iPhone 13 Pro Max 1TB Unlocked AT&T T-Mobile Verizon Good Condition,493.95,1599.0,for shipping options.,https://www.ebay.com/itm/296159882709?_trkparms=5373%3A5000006400%7C5374%3ATech%7C5079%3A5000006400,69.11
2025-10-31 21:11:40,Apple iPhone 14 A2649 (Fully Unlocked) 128GB Midnight (Very Good),287.99,1500.0,for shipping options.,https://www.ebay.com/itm/286883342345?_trkparms=5373%3A5000006400%7C5374%3ATech%7C5079%3A5000006400,80.8
2025-10-31 21:11:40,Apple iPhone 13 Mini A2481 (Fully Unlocked) 128GB Midnight (Excellent),222.99,729.0,for shipping options.,https://www.ebay.com/itm/286881752076?_trkparms=5373%3A5000006400%7C5374%3ATech%7C5079%3A5000006400,69.41
2025-10-31 21:11:40,Samsung Galaxy S24 Ultra 512GB S928U Unlocked - Excellent,652.99,1419.99,FREE OVERNIGHT SHIPPING,https://www.ebay.com/itm/256754180033?_trkparms=5373%3A5000006400%7C5374%3ATech%7C5079%3A5000006400,54.01
2025-10-31 21:11:40,Apple iPhone 13 256GB Unlocked - Excellent,309.95,799.0,for shipping options.,https://www.ebay.com/itm/386511533624?_trkparms=5373%3A5000006400%7C5374%3ATech%7C5079%3A5000006400,61.21
2025-10-31 21:11:40,"Samsung - 50"" Class U7900 Series UHD 4K Smart Tizen TV (2025)",299.99,299.99,+ shipping,https://www.ebay.com/itm/326642914520?_trkparms=5373%3A5000006400%7C5374%3ATech%7C5079%3A5000006400,0.0
2025-10-31 21:11:40,"Apple iPhone 13 Pro Max, A2484, 256GB, Unlocked, Excellent Condition",544.9,544.9,+ shipping,https://www.ebay.com/itm/354593770099?_trkparms=5373%3A5000006400%7C5374%3ATech%7C5079%3A5000006400,0.0
2025-10-31 21:11:40,"Bose QuietComfort Noise Cancelling Headphones, Certified Refurbished",169.0,299.0,Free shipping,https://www.ebay.com/itm/166819315978?_trkparms=5373%3A5000006400%7C5374%3ATech%7C5079%3A5000006400,43.48
2025-10-31 21:11:40,"Logitech - PRO X 2 LIGHTSPEED Wireless Gaming Headset for PC, PS5, PS4,",119.99,279.99,for shipping options.,https://www.ebay.com/itm/167017920229?_trkparms=5373%3A5000006400%7C5374%3ATech%7C5079%3A5000006401,57.14
2025-10-31 21:11:40,"Logitech - PRO X 2 LIGHTSPEED Wireless Gaming Headset for PC, PS5, PS4,",135.0,279.99,for shipping options.,https://www.ebay.com/itm/167461643153?_trkparms=5373%3A5000006400%7C5374%3ATech%7C5079%3A5000006401,51.78
2025-10-31 21:11:40,"Seagate Exos X20 ST18000NM003D 18TB 512E SATA 6Gb/s 3.5"" Enterprise Hard Drive",239.99,274.99,for shipping options.,https://www.ebay.com/itm/226051721330?_trkparms=5373%3A5000006400%7C5374%3ATech%7C5079%3A5000006421,12.73
2025-10-31 21:11:40,"Bose Ultra Open Earbuds, Certified Refurbished",149.0,249.0,Free shipping,https://www.ebay.com/itm/186628375702?_trkparms=5373%3A5000006400%7C5374%3ATech%7C5079%3A5000006403,40.16
2025-10-31 21:11:40,Vera Bradley Outlet Laptop Crossbody,31.5,85.0,eBay International Shipping,https://www.ebay.com/itm/365926632631?_trkparms=5373%3A5000006400%7C5374%3ATech%7C5079%3A5000006427,62.94
2025-11-01 00:58:01,Samsung Galaxy S22 Ultra 128GB S908U Unlocked - Good,250.99,1299.0,Seller pays for return shipping,https://www.ebay.com/itm/256412927142?_trkparms=5373%3A5000006400%7C5374%3ATech%7C5079%3A5000006400,80.68
2025-11-01 00:58:01,Samsung Galaxy S21 5G 128GB G991U Unlocked - Good,124.99,799.99,Seller pays for return shipping,https://www.ebay.com/itm/254987231741?_trkparms=5373%3A5000006400%7C5374%3ATech%7C5079%3A5000006400,84.38
2025-11-01 00:58:01,"Apple iPad 9th Gen - WiFi Only - 64GB - 10.2"" - Good",145.0,329.0,Seller pays for return shipping,https://www.ebay.com/itm/166317726715?_trkparms=5373%3A5000006400%7C5374%3ATech%7C5079%3A5000006400,55.93
2025-11-01 00:58:01,Apple iPad 7th Generation (2019) - WiFi Only 32GB - Good,92.0,199.0,Shipping info unavailable,https://www.ebay.com/itm/134018475345?_trkparms=5373%3A5000006400%7C5374%3ATech%7C5079%3A5000006400,53.77
2025-11-01 00:58:01,Samsung Galaxy Watch 4 44mm GPS + WiFi + Bluetooth R870 Smart Watch - Good,39.99,199.99,Shipping info unavailable,https://www.ebay.com/itm/195487991925?_trkparms=5373%3A5000006400%7C5374%3ATech%7C5079%3A5000006400,80.0
2025-11-01 00:58:01,FosPower 2x 3FT Dual Layer 2 RCA to RCA L/R Male Stereo Audio Cable Cord Plug,14.99,16.99,Seller pays for return shipping,https://www.ebay.com/itm/382733137330?_trkparms=5373%3A5000006400%7C5374%3ATech%7C5079%3A5000006400,11.77
2025-11-01 00:58:01,"Acer 31.5"" Nitro Curved Monitor LED WQHD 144Hz 1 ms 2560x1440 XZ322QU V3bmiiphx",128.79,249.99,Shipping info unavailable,https://www.ebay.com/itm/256547414823?_trkparms=5373%3A5000006400%7C5374%3ATech%7C5079%3A5000006400,48.48
2025-11-01 00:58:01,Samsung Galaxy S22 Ultra 512GB S908U Unlocked - Good,298.99,1299.0,Seller pays for return shipping,https://www.ebay.com/itm/256497629590?_trkparms=5373%3A5000006400%7C5374%3ATech%7C5079%3A5000006400,76.98
2025-11-01 00:58:01,Samsung Galaxy S23+ 256GB S916U Unlocked - Good,251.99,999.99,Seller pays for return shipping,https://www.ebay.com/itm/256372558330?_trkparms=5373%3A5000006400%7C5374%3ATech%7C5079%3A5000006400,74.8
2025-11-01 00:58:01,"2020 Apple MacBook Pro 13"" i7 2.3GHz/16GB/512GB - (Space Gray) A2251 w/Warranty",376.12,1999.0,Seller pays for return shipping,https://www.ebay.com/itm/374922753524?_trkparms=5373%3A5000006400%7C5374%3ATech%7C5079%3A5000006400,81.18
2025-11-01 00:58:01,Apple iPhone 14 Plus 128GB Unlocked AT&T T-Mobile Verizon Excellent Condition,343.95,899.0,Seller pays for return shipping,https://www.ebay.com/itm/304789955308?_trkparms=5373%3A5000006400%7C5374%3ATech%7C5079%3A5000006400,61.74
2025-11-01 00:58:01,Samsung Galaxy S10 Plus G975 128GB Unlocked - Excellent,159.95,999.99,Shipping info unavailable,https://www.ebay.com/itm/384479692054?_trkparms=5373%3A5000006400%7C5374%3ATech%7C5079%3A5000006400,84.0
2025-11-01 00:58:01,Apple iPhone 16 128GB Unlocked Very Good Condition,547.99,547.99,Shipping info unavailable,https://www.ebay.com/itm/356605678205?_trkparms=5373%3A5000006400%7C5374%3ATech%7C5079%3A5000006400,0.0
2025-11-01 00:58:01,Apple MacBook Pro 2024 - M4 Pro 14CPU/20GPU 24GB 16.2in - 512GB SSD - Excellent,1699.0,3999.0,Seller pays for return shipping,https://www.ebay.com/itm/167797496394?_trkparms=5373%3A5000006400%7C5374%3ATech%7C5079%3A5000006407,57.51
2025-11-01 00:58:01,Nintendo Switch Gray Joy Cons 32GB Gaming Console + 2DAY Ship ‚úàÔ∏è + 1YR Warnty,237.77,299.99,Seller pays for return shipping,https://www.ebay.com/itm/195302463857?_trkparms=5373%3A5000006400%7C5374%3ATech%7C5079%3A5000006401,20.74
2025-11-01 00:58:01,TCL NXTWEAR G Smart Glasses Portable Wearable Dual HD Micro OLED Display New,139.99,899.99,Economy Shipping,https://www.ebay.com/itm/175403501421?_trkparms=5373%3A5000006400%7C5374%3ATech%7C5079%3A5000006401,84.45
2025-11-01 00:58:01,WD 20TB WD Gold Enterprise Class SATA HDD Internal Hard Drive HDD - WD202KRYZ,379.99,579.99,Save on combined shipping,https://www.ebay.com/itm/297401321463?_trkparms=5373%3A5000006400%7C5374%3ATech%7C5079%3A5000006421,34.48
2025-11-01 00:58:01,Sigma 24-70MM F2.8 DG DN II ART Lens Sony E Mount Bundle with SanDisk 64GB SD,1249.99,1299.99,Standard Shipping,https://www.ebay.com/itm/375511057573?_trkparms=5373%3A5000006400%7C5374%3ATech%7C5079%3A5000006425,3.85
2025-11-01 00:58:01,Sony FE 70-200mm f2.8 GM OSS II Lens SEL70200GM2 *Sony USA Warranty,2516.0,3148.0,Free shipping,https://www.ebay.com/itm/146810831870?_trkparms=5373%3A5000006400%7C5374%3ATech%7C5079%3A5000006425,20.08
2025-11-01 00:58:01,Sigma MC-11 Lens Mount Converter (Sigma SA/EOS to Sony E-Mount),178.61,510.95,Standard Shipping,https://www.ebay.com/itm/286197283832?_trkparms=5373%3A5000006400%7C5374%3ATech%7C5079%3A5000006425,65.04
2025-11-01 00:58:01,Apple Watch Ultra 2 49mm Gps + Cellular - Band 64GB - Excellent,562.99,562.99,Seller pays for return shipping,https://www.ebay.com/itm/167087869217?_trkparms=5373%3A5000006400%7C5374%3ATech%7C5079%3A5000006411,0.0
2025-11-01 03:39:24,Samsung Galaxy S22 Ultra SM-S908U 512GB Unlocked Excellent Condition,338.99,451.23,Shipping info unavailable,https://www.ebay.com/itm/357600885241?_trkparms=5373%3A5000006400%7C5374%3ATech%7C5079%3A5000006400,24.87
2025-11-01 03:39:24,Apple iPhone 15 Pro Max A2849 512GB Unlocked Excellent Condition,727.99,1499.99,Shipping info unavailable,https://www.ebay.com/itm/357482540114?_trkparms=5373%3A5000006400%7C5374%3ATech%7C5079%3A5000006400,51.47
2025-11-01 03:39:24,Apple iPhone SE 3RD GEN 64GB (2022) Fully Unlocked VERY GOOD Condition- UNLOCKED,138.99,147.99,Seller pays for return shipping,https://www.ebay.com/itm/326282933769?_trkparms=5373%3A5000006400%7C5374%3ATech%7C5079%3A5000006400,6.08
2025-11-01 03:39:24,WD 8TB WD Gold Enterprise Class SATA HDD Internal Hard Drive HDD - WD8005FRYZ,199.99,229.99,Save on combined shipping,https://www.ebay.com/itm/296953811891?_trkparms=5373%3A5000006400%7C5374%3ATech%7C5079%3A5000006400,13.04
2025-11-01 03:39:24,"YI 1080p Smart Home Camera, Indoor IP Security Surveillance System Night Vision",12.99,22.49,Shipping info unavailable,https://www.ebay.com/itm/184443608940?_trkparms=5373%3A5000006400%7C5374%3ATech%7C5079%3A5000006400,42.24
2025-11-01 03:39:24,Skullcandy Smokin' Buds XT- Black (CERTIFIED REFURBISHED),10.99,24.99,Shipping info unavailable,https://www.ebay.com/itm/266646620402?_trkparms=5373%3A5000006400%7C5374%3ATech%7C5079%3A5000006400,56.02
2025-11-01 03:39:24,Walkers Silencer BT 2.0 Rechargeable Electronic Earbuds OD Green,53.99,129.99,Standard Shipping,https://www.ebay.com/itm/286379732687?_trkparms=5373%3A5000006400%7C5374%3ATech%7C5079%3A5000006400,58.47
2025-11-01 03:39:24,Skullcandy Rail ANC XT- Black (Certified Refurbished),42.99,99.99,Shipping info unavailable,https://www.ebay.com/itm/375226648032?_trkparms=5373%3A5000006400%7C5374%3ATech%7C5079%3A5000006400,57.01
2025-11-01 03:39:24,Samsung Galaxy S23 Ultra 512GB S918U Unlocked - Excellent,464.99,1379.99,Shipping info unavailable,https://www.ebay.com/itm/256482045980?_trkparms=5373%3A5000006400%7C5374%3ATech%7C5079%3A5000006400,66.3
2025-11-01 03:39:24,Samsung Galaxy S22 Ultra 128GB S908U Unlocked - Excellent,278.99,1299.0,Seller pays for return shipping,https://www.ebay.com/itm/256363262192?_trkparms=5373%3A5000006400%7C5374%3ATech%7C5079%3A5000006400,78.52
2025-11-01 03:39:24,Skullcandy CRUSHER ANC 2 Wireless Headphones w/ SENSORY BASS (Cert Refurb)-BLACK,82.99,249.99,Shipping info unavailable,https://www.ebay.com/itm/266566905592?_trkparms=5373%3A5000006400%7C5374%3ATech%7C5079%3A5000006400,66.8
2025-11-01 03:39:24,Apple iPhone 16 128GB Factory Unlocked AT&T T-Mobile Verizon Excellent Condition,581.95,799.0,Seller pays for return shipping,https://www.ebay.com/itm/296875370517?_trkparms=5373%3A5000006400%7C5374%3ATech%7C5079%3A5000006400,27.17
2025-11-01 03:39:24,Samsung Galaxy S21 5G 128GB G991U Unlocked - Very Good,139.99,799.99,Seller pays for return shipping,https://www.ebay.com/itm/254986400075?_trkparms=5373%3A5000006400%7C5374%3ATech%7C5079%3A5000006400,82.5
2025-11-01 03:39:24,NEW üî• Nintendo Switch Lite Handheld Console - Yellow üî• Mario+Rabbids Bundle üî•,197.0,329.99,Shipping info unavailable,https://www.ebay.com/itm/193405746598?_trkparms=5373%3A5000006400%7C5374%3ATech%7C5079%3A5000006401,40.3
2025-11-01 06:16:48,Apple iPhone 15 Pro Max A2849 1TB Natural Unlocked Very Good Condition,747.47,747.47,Shipping info unavailable,https://www.ebay.com/itm/357492955429?_trkparms=5373%3A5000006400%7C5374%3ATech%7C5079%3A5000006400,0.0
2025-11-01 06:16:48,Apple iPhone 14 128GB Network Unlocked Very Good Condition,305.16,305.16,Shipping info unavailable,https://www.ebay.com/itm/355095070816?_trkparms=5373%3A5000006400%7C5374%3ATech%7C5079%3A5000006400,0.0
2025-11-01 06:16:48,Samsung Galaxy S22+ 128GB (Unlocked) - Phantom Black,169.95,1049.99,Shipping info unavailable,https://www.ebay.com/itm/365543930487?_trkparms=5373%3A5000006400%7C5374%3ATech%7C5079%3A5000006400,83.81
2025-11-01 06:16:48,Apple iPhone 14 Pro Max 256GB Unlocked Very Good Condition,527.78,527.78,Shipping info unavailable,https://www.ebay.com/itm/355896538160?_trkparms=5373%3A5000006400%7C5374%3ATech%7C5079%3A5000006400,0.0
2025-11-01 06:16:48,Apple iPhone 12 128GB Unlocked - Very Good,210.95,649.0,Shipping info unavailable,https://www.ebay.com/itm/403448574550?_trkparms=5373%3A5000006400%7C5374%3ATech%7C5079%3A5000006400,67.5
2025-11-01 06:16:48,Apple iPhone 16e 128GB Unlocked Very Good Condition,381.31,381.31,Shipping info unavailable,https://www.ebay.com/itm/357518035984?_trkparms=5373%3A5000006400%7C5374%3ATech%7C5079%3A5000006400,0.0
2025-11-01 06:16:48,Sony WH-1000XM4 Wireless Noise-Cancelling Over-the-Ear Headphones - Black,139.99,349.99,Economy Shipping,https://www.ebay.com/itm/274493598619?_trkparms=5373%3A5000006400%7C5374%3ATech%7C5079%3A5000006400,60.0
2025-11-01 06:16:48,Samsung Galaxy S23 Ultra 256GB S918U Unlocked - Excellent,418.99,1199.99,Shipping info unavailable,https://www.ebay.com/itm/256379350806?_trkparms=5373%3A5000006400%7C5374%3ATech%7C5079%3A5000006400,65.08
2025-11-01 06:16:48,"Lenovo - Legion Pro 5i 16"" 2.5k OLED Gaming Laptop - Intel Core Ultra 9 275HX...",2039.99,2039.99,Standard Shipping,https://www.ebay.com/itm/197489938982?_trkparms=5373%3A5000006400%7C5374%3ATech%7C5079%3A5000006400,0.0
2025-11-01 06:16:48,Sony WH-1000XM5/B Wireless Industry Leading Noise Canceling Bluetooth Headphones,179.99,399.99,Standard Shipping,https://www.ebay.com/itm/314074071401?_trkparms=5373%3A5000006400%7C5374%3ATech%7C5079%3A5000006400,55.0
2025-11-01 06:16:48,"Apple iPhone 13 Mini, 128/256/512GB - Unlocked - Refurbished Excellent",264.99,264.99,Shipping info unavailable,https://www.ebay.com/itm/226908600683?_trkparms=5373%3A5000006400%7C5374%3ATech%7C5079%3A5000006400,0.0
2025-11-01 06:16:48,Apple iPhone 13 A2482 128GB Network Unlocked Very Good Condition,299.72,299.72,Shipping info unavailable,https://www.ebay.com/itm/354393355064?_trkparms=5373%3A5000006400%7C5374%3ATech%7C5079%3A5000006400,0.0
2025-11-01 06:16:48,Apple iPhone 12 64GB ‚Äì Fully Unlocked - VERY GOOD CONDITION - Unlocked,189.99,189.99,Shipping info unavailable,https://www.ebay.com/itm/325852789181?_trkparms=5373%3A5000006400%7C5374%3ATech%7C5079%3A5000006400,0.0
2025-11-01 06:16:48,"Apple iPhone 14 Pro Max 256GB Unlocked 6.7"" - (Deep Purple) A2651 w/Warranty",494.0,1199.0,Seller pays for return shipping,https://www.ebay.com/itm/146822590886?_trkparms=5373%3A5000006400%7C5374%3ATech%7C5079%3A5000006400,58.8
2025-11-01 06:16:48,Apple Pencil Pro MX2D3AM/A White for iPad Pro M4 & iPad Air M2 Authentic,82.89,150.0,Shipping info unavailable,https://www.ebay.com/itm/276648194139?_trkparms=5373%3A5000006400%7C5374%3ATech%7C5079%3A5000006400,44.74
2025-11-01 06:16:48,Apple iPhone 15 Pro Max 512GB Unlocked - Excellent,723.95,1399.0,Shipping info unavailable,https://www.ebay.com/itm/388885651816?_trkparms=5373%3A5000006400%7C5374%3ATech%7C5079%3A5000006400,48.25
2025-11-01 06:16:48,"RayNeo Air 2 AR Glasses - Smart Glasses with 201"" Micro OLED (Excellent)",169.0,169.0,Shipping info unavailable,https://www.ebay.com/itm/197393075785?_trkparms=5373%3A5000006400%7C5374%3ATech%7C5079%3A5000006400,0.0
2025-11-01 06:16:48,Apple AirPods Pro 2nd Generation USB-C Magsafe Charging Case Replacement A2968,37.95,37.95,Shipping info unavailable,https://www.ebay.com/itm/276312710288?_trkparms=5373%3A5000006400%7C5374%3ATech%7C5079%3A5000006400,0.0
2025-11-01 06:16:48,Samsung Galaxy S23 Ultra 512GB S918U Unlocked - Very Good,418.99,1379.99,Shipping info unavailable,https://www.ebay.com/itm/256613651818?_trkparms=5373%3A5000006400%7C5374%3ATech%7C5079%3A5000006400,69.64
2025-11-01 06:16:48,"15.6"" DELL Latitude Laptop: Intel i5! 16GB RAM! 512GB SSD! Zorin Core Edition!",144.0,212.95,Standard Shipping,https://www.ebay.com/itm/114982554604?_trkparms=5373%3A5000006400%7C5374%3ATech%7C5079%3A5000006400,32.38
2025-11-01 06:16:48,Apple Watch SE 40mm 44mm GPS + WiFi + Cellular Pink Gold Gray Silver - Very Good,99.79,299.99,Shipping info unavailable,https://www.ebay.com/itm/195267541947?_trkparms=5373%3A5000006400%7C5374%3ATech%7C5079%3A5000006400,66.74
2025-11-01 06:16:48,JBL FLIP 6 Portable Speaker Waterproof - Certified Refurbished,69.99,69.99,Shipping info unavailable,https://www.ebay.com/itm/135244698790?_trkparms=5373%3A5000006400%7C5374%3ATech%7C5079%3A5000006403,0.0
2025-11-01 06:16:48,Vera Bradley Outlet Laptop Crossbody,38.7,109.0,Economy Shipping,https://www.ebay.com/itm/365926632755?_trkparms=5373%3A5000006400%7C5374%3ATech%7C5079%3A5000006427,64.5
2025-11-01 09:12:21,A+ GRADE Dell XPS 15 9570 Precision 5530 FHD LCD Screen Assembly Matte MDRV3,49.99,57.49,Standard Shipping,https://www.ebay.com/itm/297150377163?_trkparms=5373%3A5000006400%7C5374%3ATech%7C5079%3A5000006400,13.05
2025-11-01 09:12:21,Apple iPhone 13 A2482 128GB - Fully Unlocked- Black & Blue - Very Good Condition,265.0,265.0,Seller pays for return shipping,https://www.ebay.com/itm/127083143769?_trkparms=5373%3A5000006400%7C5374%3ATech%7C5079%3A5000006400,0.0
2025-11-01 09:12:21,Apple AirPods 4th Generation - Replacement Charging Case,39.99,39.99,Shipping info unavailable,https://www.ebay.com/itm/167592076086?_trkparms=5373%3A5000006400%7C5374%3ATech%7C5079%3A5000006400,0.0
2025-11-01 09:12:21,Apple Watch Series 10 (GPS+LTE) 42mm Jet Black Aluminum Case Black Sport Loop,279.95,499.0,Seller pays for return shipping,https://www.ebay.com/itm/316321464104?_trkparms=5373%3A5000006400%7C5374%3ATech%7C5079%3A5000006400,43.9
2025-11-01 09:12:21,Apple iPhone 15 A2846 128GB Unlocked Excellent Condition,455.99,455.99,Seller pays for return shipping,https://www.ebay.com/itm/356036252976?_trkparms=5373%3A5000006400%7C5374%3ATech%7C5079%3A5000006400,0.0
2025-11-01 09:12:21,Samsung Galaxy S22 Ultra 128GB 256GB S908U Unlocked Smartphone - Good,249.99,249.99,Seller pays for return shipping,https://www.ebay.com/itm/157238959320?_trkparms=5373%3A5000006400%7C5374%3ATech%7C5079%3A5000006400,0.0
2025-11-01 09:12:21,"Apple iPhone 13 Pro Max, 128/256/512GB/ 1TB, Unlocked - Refurbished Excellent",444.99,444.99,Seller pays for return shipping,https://www.ebay.com/itm/326721891882?_trkparms=5373%3A5000006400%7C5374%3ATech%7C5079%3A5000006400,0.0
2025-11-01 09:12:21,990 Mile Outdoor TV Antenna Motorized Amplified V/UHF HDTV 1080P 4K 360¬∞ Rotate,33.99,67.98,Seller pays for return shipping,https://www.ebay.com/itm/133418087461?_trkparms=5373%3A5000006400%7C5374%3ATech%7C5079%3A5000006400,50.0
2025-11-01 09:12:21,"REDTIGER F17 4K Dash Cam 5G WiFi 3 Channel ,Front and Rear Inside, 64GB SD Card",89.89,149.89,Shipping info unavailable,https://www.ebay.com/itm/285949275839?_trkparms=5373%3A5000006400%7C5374%3ATech%7C5079%3A5000006400,40.03
2025-11-01 09:12:21,Google Pixel 9 Pro XL GGX8B 512GB Unlocked Excellent Condition,612.99,821.94,Seller pays for return shipping,https://www.ebay.com/itm/357600986338?_trkparms=5373%3A5000006400%7C5374%3ATech%7C5079%3A5000006400,25.42
2025-11-01 09:12:21,"JLab GO Sport+ True Wireless Earbuds, Gym & Work Out Running Headphones",29.99,35.99,Seller pays for return shipping,https://www.ebay.com/itm/235425329067?_trkparms=5373%3A5000006400%7C5374%3ATech%7C5079%3A5000006400,16.67
2025-11-01 09:12:21,Kioxia BG4 Toshiba 128GB NVMe Solid State Drive SSD 09946M KBG40ZNS128G 2230,8.99,10.34,Standard Shipping,https://www.ebay.com/itm/305816133779?_trkparms=5373%3A5000006400%7C5374%3ATech%7C5079%3A5000006400,13.06
2025-11-01 09:12:21,Logitech - ERGO K860 Ergonomic Wireless Keyboard for Windows and Mac with Palm,75.0,149.99,Seller pays for return shipping,https://www.ebay.com/itm/167461643278?_trkparms=5373%3A5000006400%7C5374%3ATech%7C5079%3A5000006400,50.0
2025-11-01 09:12:21,NEW ModRetro Chromatic + TETRIS Game Bundle | Game Boy¬Æ Compatible Console üëæ,279.99,339.99,Seller pays for return shipping,https://www.ebay.com/itm/357381889031?_trkparms=5373%3A5000006400%7C5374%3ATech%7C5079%3A5000006400,17.65
2025-11-01 09:12:21,Insta360 Ace Pro Action Camera AI-Powered Waterproof BRAND NEW SEALED FREESHIP!,247.99,285.19,Standard Shipping,https://www.ebay.com/itm/296796434258?_trkparms=5373%3A5000006400%7C5374%3ATech%7C5079%3A5000006400,13.04
2025-11-01 09:12:21,Apple iPhone 16 Pro Max 256GB Unlocked Very Good Condition,884.99,884.99,Seller pays for return shipping,https://www.ebay.com/itm/356605653571?_trkparms=5373%3A5000006400%7C5374%3ATech%7C5079%3A5000006400,0.0
2025-11-01 09:12:21,Apple iPhone 15 Plus 128GB Unlocked Very Good Condition,469.99,469.99,Seller pays for return shipping,https://www.ebay.com/itm/356312979103?_trkparms=5373%3A5000006400%7C5374%3ATech%7C5079%3A5000006400,0.0
2025-11-01 09:12:21,"Acer Nitro V 15.6"" Gaming Laptop NVIDIA RTX 4060 Core i9 - Certified Refurbished",919.99,1049.99,Shipping info unavailable,https://www.ebay.com/itm/267229769086?_trkparms=5373%3A5000006400%7C5374%3ATech%7C5079%3A5000006400,12.38
2025-11-01 09:12:21,"HP - 15.6"" Full HD Touch-Screen Laptop - Intel Core i7 - 16GB Memory - 512GB ...",799.99,799.99,Standard Shipping,https://www.ebay.com/itm/205568150134?_trkparms=5373%3A5000006400%7C5374%3ATech%7C5079%3A5000006400,0.0
2025-11-01 09:12:21,Google Pixel Fold Fully Unlocked 7.6in 256GB - Excellent,448.99,448.99,Seller pays for return shipping,https://www.ebay.com/itm/135431992429?_trkparms=5373%3A5000006400%7C5374%3ATech%7C5079%3A5000006400,0.0
2025-11-01 09:12:21,Sony SRSXV800 XSeries Wireless Portable Bluetooth Karaoke Party Speaker Black,385.99,648.0,Seller pays for return shipping,https://www.ebay.com/itm/375588258429?_trkparms=5373%3A5000006400%7C5374%3ATech%7C5079%3A5000006400,40.43
2025-11-01 09:12:21,Apple iPhone 16 A3081 T-Mobile Only 128GB Black Good,409.99,409.99,Seller pays for return shipping,https://www.ebay.com/itm/176880660923?_trkparms=5373%3A5000006400%7C5374%3ATech%7C5079%3A5000006400,0.0
2025-11-01 09:12:21,Apple iPad 7th Gen - 32GB - Wi-Fi Only - Very Good,105.0,105.0,Seller pays for return shipping,https://www.ebay.com/itm/144379058448?_trkparms=5373%3A5000006400%7C5374%3ATech%7C5079%3A5000006400,0.0
2025-11-01 09:12:21,Apple iPhone 14 Pro A2650 (Fully Unlocked) 128GB Deep Purple (Excellent),405.99,1099.0,Shipping info unavailable,https://www.ebay.com/itm/286883274280?_trkparms=5373%3A5000006400%7C5374%3ATech%7C5079%3A5000006423,63.06
2025-11-01 09:12:21,"Apple MacBook Pro 16"" 2023 M3 Pro 512GB 18GB RAM Space Black - Very Good",1294.99,1294.99,Seller pays for return shipping,https://www.ebay.com/itm/157138988493?_trkparms=5373%3A5000006400%7C5374%3ATech%7C5079%3A5000006407,0.0
2025-11-01 09:12:21,"Apple MacBook Pro 16"" 2023 M3 Pro All Colors Storage RAM - Very Good",1294.99,1294.99,Seller pays for return shipping,https://www.ebay.com/itm/157242142098?_trkparms=5373%3A5000006400%7C5374%3ATech%7C5079%3A5000006407,0.0
2025-11-01 09:12:21,"Apple MacBook Pro 16"" 2023 M3 Max Silver Black 32GB 48GB RAM 1TB 2TB SSD - Good",2322.99,2322.99,Seller pays for return shipping,https://www.ebay.com/itm/167745573294?_trkparms=5373%3A5000006400%7C5374%3ATech%7C5079%3A5000006407,0.0
2025-11-01 09:12:21,XGIMI MoGo 2 Pro 1080P Portable Projector Mini Projector with 400 ISO Lumens,219.0,219.0,Shipping info unavailable,https://www.ebay.com/itm/317172582509?_trkparms=5373%3A5000006400%7C5374%3ATech%7C5079%3A5000006409,0.0
2025-11-01 09:12:21,XGIMI MoGo 2 Pro 1080P Portable Projector Mini Projector with 400 ISO Lumens,234.99,234.99,Shipping info unavailable,https://www.ebay.com/itm/314792480218?_trkparms=5373%3A5000006400%7C5374%3ATech%7C5079%3A5000006409,0.0
2025-11-01 09:12:21,"XGIMI MoGo 3 Pro 1080P Portable Projector, Google TV with Licensed Netflix",349.0,349.0,Shipping info unavailable,https://www.ebay.com/itm/316115270330?_trkparms=5373%3A5000006400%7C5374%3ATech%7C5079%3A5000006409,0.0
2025-11-01 09:12:21,"Westinghouse 32"" 720P HD Smart Roku TV WR32HT2212",84.0,169.99,Seller pays for return shipping,https://www.ebay.com/itm/235022919530?_trkparms=5373%3A5000006400%7C5374%3ATech%7C5079%3A5000006409,50.59
2025-11-01 09:12:21,FosPower Braided Toslink Digital Fiber Optic Optical Audio Cable SPDIF Dolby DTS,24.99,24.99,Standard Shipping,https://www.ebay.com/itm/291374530489?_trkparms=5373%3A5000006400%7C5374%3ATech%7C5079%3A5000006401,0.0
2025-11-01 09:12:21,PlayStation 5 Slim Console - Includes PS5 Console And DualSense Controller - 16,549.99,549.99,Seller pays for return shipping,https://www.ebay.com/itm/126850435615?_trkparms=5373%3A5000006400%7C5374%3ATech%7C5079%3A5000006401,0.0
2025-11-01 09:12:21,Skullcandy Push Active True Wireless Earbuds-Black/Orange(Certified Refurbished),30.99,79.99,Shipping info unavailable,https://www.ebay.com/itm/265551837873?_trkparms=5373%3A5000006400%7C5374%3ATech%7C5079%3A5000006419,61.26
2025-11-01 09:12:21,Apple AirPods 2nd Gen Genuine Replacement Right or Left or Charging Case,15.49,15.49,Seller pays for return shipping,https://www.ebay.com/itm/115878536964?_trkparms=5373%3A5000006400%7C5374%3ATech%7C5079%3A5000006419,0.0
2025-11-01 09:12:21,Apple AirPods 3rd Gen Genuine Replacement Right or Left or Charging Case,34.49,34.49,Shipping info unavailable,https://www.ebay.com/itm/126693283302?_trkparms=5373%3A5000006400%7C5374%3ATech%7C5079%3A5000006419,0.0
2025-11-01 09:12:21,WD 28TB My Book Duo Desktop RAID Hard Drive HDD - WDBFBE0280JBK-NESN,699.99,789.99,Save on combined shipping,https://www.ebay.com/itm/296118852230?_trkparms=5373%3A5000006400%7C5374%3ATech%7C5079%3A5000006421,11.39
2025-11-01 09:12:21,Western Digital 22TB WD My Book External Hard Drive HDD - WDBBGB0220HBK-NESN,399.99,469.99,Save on combined shipping,https://www.ebay.com/itm/296118852180?_trkparms=5373%3A5000006400%7C5374%3ATech%7C5079%3A5000006421,14.89
2025-11-01 09:12:21,Apple 1st Gen AirPods Pro Genuine Replacement Right or Left or Charging Case,37.99,37.99,Shipping info unavailable,https://www.ebay.com/itm/133684947904?_trkparms=5373%3A5000006400%7C5374%3ATech%7C5079%3A5000006403,0.0
2025-11-01 09:12:21,"Apple AirPods Pro 2nd Gen - Left, Right, or Case - Models 2699/2698/2700 GRADE B",25.99,25.99,Seller pays for return shipping,https://www.ebay.com/itm/375618346806?_trkparms=5373%3A5000006400%7C5374%3ATech%7C5079%3A5000006403,0.0
2025-11-01 09:12:21,Soundcore Liberty 4 SE True Wireless Earbuds Heart Rate Sensor Noise Cancelling,49.99,149.99,Standard Shipping,https://www.ebay.com/itm/385693088002?_trkparms=5373%3A5000006400%7C5374%3ATech%7C5079%3A5000006403,66.67
2025-11-01 09:12:21,"DNP 4x6"" Print Pack for DS-40 Dye Sub Printer, 800 Glossy Prints",126.0,126.0,Seller pays for return shipping,https://www.ebay.com/itm/373661270561?_trkparms=5373%3A5000006400%7C5374%3ATech%7C5079%3A5000006417,0.0
2025-11-01 09:12:21,"HP OfficeJet Pro 9125e AIO Printer 2.7‚Äù Color Touchscreen Print, Scan, Copy, Fax",159.99,409.99,Shipping info unavailable,https://www.ebay.com/itm/376283831429?_trkparms=5373%3A5000006400%7C5374%3ATech%7C5079%3A5000006417,60.98
2025-11-01 09:12:21,Canon imagePROGRAF Professional PRO 310 Black Wireless Inkjet Photo Printer,971.0,1099.0,Seller pays for return shipping,https://www.ebay.com/itm/297147074911?_trkparms=5373%3A5000006400%7C5374%3ATech%7C5079%3A5000006417,11.65
2025-11-01 09:12:21,Canon RF 15-35mm f/2.8L IS USM Lens with K&F Concept 82mm Magnetic Base Ring,1549.99,1908.99,Shipping info unavailable,https://www.ebay.com/itm/306505529835?_trkparms=5373%3A5000006400%7C5374%3ATech%7C5079%3A5000006425,18.81
2025-11-01 09:12:21,ECO-WORTHY 2Pcs 14kWh 48V 280AH LiFePO4 Battery Vertical Standing Solar Backup,3999.99,3999.99,Standard Shipping,https://www.ebay.com/itm/396907709023?_trkparms=5373%3A5000006400%7C5374%3ATech%7C5079%3A5000006413,0.0
2025-11-01 09:12:21,Reolink 5MP 16 Channel 4TB NVR Kit Outdoor PoE DIY CCTV Security Camera System,535.0,535.0,Standard Shipping,https://www.ebay.com/itm/134064490040?_trkparms=5373%3A5000006400%7C5374%3ATech%7C5079%3A5000006413,0.0
2025-11-01 09:12:21,ECO-WORTHY 14kWh 48V 280AH LiFePO4 Battery Vertical Standing Solar Backup 1pack,2199.99,2199.99,Standard Shipping,https://www.ebay.com/itm/396907705926?_trkparms=5373%3A5000006400%7C5374%3ATech%7C5079%3A5000006413,0.0
2025-11-01 09:12:21,Vera Bradley Women's Recycled Cotton Laptop Organizer NWT,31.0,50.0,"Buyer pays for return shipping. If you use an eBay shipping label, it will be deducted from your refund amount",https://www.ebay.com/itm/365930191334?_trkparms=5373%3A5000006400%7C5374%3ATech%7C5079%3A5000006427,38.0
2025-11-01 12:20:50,Acer Swift 14 +AI | AMD Ryzen AI 9 | AMD Radeon 880M | 32GB 1TB Certified Refurb,704.71,999.99,Shipping info unavailable,https://www.ebay.com/itm/277151716959?_trkparms=5373%3A5000006400%7C5374%3ATech%7C5079%3A5000006400,29.53
2025-11-01 12:20:50,"HP 17-cn3001tg 17.3"" HD+ Touch Intel N200 3.2 GHz 4GB 128GB UFS W11H Laptop, SL",202.0,529.99,Seller pays for return shipping,https://www.ebay.com/itm/167861225219?_trkparms=5373%3A5000006400%7C5374%3ATech%7C5079%3A5000006400,61.89
2025-11-01 12:20:50,Skullcandy SESH ANC Wireless 2 PACK (Certified Refurb)-BLACK,26.99,69.99,Seller pays for return shipping,https://www.ebay.com/itm/375270240570?_trkparms=5373%3A5000006400%7C5374%3ATech%7C5079%3A5000006400,61.44
2025-11-01 12:20:50,"Apple iPhone 13 Pro Max 128GB Unlocked 6.7"" - (Graphite) A2484 w/1 Year Warranty",394.0,1099.0,Seller pays for return shipping,https://www.ebay.com/itm/357503814234?_trkparms=5373%3A5000006400%7C5374%3ATech%7C5079%3A5000006400,64.15
2025-11-01 12:20:50,Acer Aspire 14 +AI Intel Core Ultra 5 226V 2.1GHz 16GB 1TB Certified Refurbished,383.63,579.99,Shipping info unavailable,https://www.ebay.com/itm/256960845305?_trkparms=5373%3A5000006400%7C5374%3ATech%7C5079%3A5000006400,33.86
2025-11-01 12:20:50,Samsung Galaxy S24 128GB S921U Unlocked - Open Box,334.99,799.99,Seller pays for return shipping,https://www.ebay.com/itm/257131323344?_trkparms=5373%3A5000006400%7C5374%3ATech%7C5079%3A5000006400,58.13
2025-11-01 12:20:50,Apple iPhone 12 Pro 128GB Unlocked - Excellent,275.95,999.0,Seller pays for return shipping,https://www.ebay.com/itm/384308530199?_trkparms=5373%3A5000006400%7C5374%3ATech%7C5079%3A5000006400,72.38
2025-11-01 12:20:50,Samsung Galaxy S22 Ultra 128GB S908U Unlocked - Very Good,265.99,1299.0,Seller pays for return shipping,https://www.ebay.com/itm/256363270963?_trkparms=5373%3A5000006400%7C5374%3ATech%7C5079%3A5000006400,79.52
2025-11-01 12:20:50,Apple iPhone 13 256GB Factory Unlocked AT&T T-Mobile Verizon Very Good Condition,273.95,899.0,Seller pays for return shipping,https://www.ebay.com/itm/295228030112?_trkparms=5373%3A5000006400%7C5374%3ATech%7C5079%3A5000006400,69.53
2025-11-01 12:20:50,Samsung Galaxy S22 S901 128GB Unlocked - Excellent,163.95,1199.99,Seller pays for return shipping,https://www.ebay.com/itm/364498823740?_trkparms=5373%3A5000006400%7C5374%3ATech%7C5079%3A5000006400,86.34
2025-11-01 12:20:50,Apple iPhone 12 A2172 Unlocked 64GB Black Good,163.49,649.99,Seller pays for return shipping,https://www.ebay.com/itm/196520157238?_trkparms=5373%3A5000006400%7C5374%3ATech%7C5079%3A5000006400,74.85
2025-11-01 12:20:50,Apple AirPods Pro 2nd Gen Genuine Replacement Right or Left or Charging Case,39.99,39.99,Seller pays for return shipping,https://www.ebay.com/itm/134300492000?_trkparms=5373%3A5000006400%7C5374%3ATech%7C5079%3A5000006400,0.0
2025-11-01 12:20:50,Apple Watch Series 7 45mm (GPS + Cellular) Aluminum Case - Good,111.99,529.0,Seller pays for return shipping,https://www.ebay.com/itm/255549266146?_trkparms=5373%3A5000006400%7C5374%3ATech%7C5079%3A5000006400,78.83
2025-11-01 12:20:50,"1 Year Warranty 2020 Apple iPad 8 WiFi Only 32GB 10.2"" (Space Gray) A2270",106.02,329.0,Seller pays for return shipping,https://www.ebay.com/itm/144694725912?_trkparms=5373%3A5000006400%7C5374%3ATech%7C5079%3A5000006400,67.78
2025-11-01 12:20:50,Samsung Galaxy Watch6 Classic 47mm R965N GPS + Cellular - Excellent,97.99,399.99,Seller pays for return shipping,https://www.ebay.com/itm/256522400460?_trkparms=5373%3A5000006400%7C5374%3ATech%7C5079%3A5000006400,75.5
2025-11-01 12:20:50,Samsung Galaxy S24+ 256GB Marble Grey SM-S926U (Unlocked) Fast Free Shipping,358.99,412.84,Seller pays for return shipping,https://www.ebay.com/itm/306485716860?_trkparms=5373%3A5000006400%7C5374%3ATech%7C5079%3A5000006400,13.04
2025-11-01 12:20:50,JBL Tune Flex True Wireless Bluetooth Noise Cancelling Earbuds - Ghost Black,38.75,38.75,Shipping info unavailable,https://www.ebay.com/itm/276535998102?_trkparms=5373%3A5000006400%7C5374%3ATech%7C5079%3A5000006400,0.0
2025-11-01 12:20:50,"1 Year Warranty Dell P29T001 11.6"" Chromebook Celeron 1.1GHz/4GB/32GB (Black)",37.2,240.0,Seller pays for return shipping,https://www.ebay.com/itm/145586233629?_trkparms=5373%3A5000006400%7C5374%3ATech%7C5079%3A5000006400,84.5
2025-11-01 12:20:50,Apple AirPods 2nd Gen Genuine Replacement Right or Left or Charging Case,18.99,18.99,Seller pays for return shipping,https://www.ebay.com/itm/133977381544?_trkparms=5373%3A5000006400%7C5374%3ATech%7C5079%3A5000006400,0.0
2025-11-01 12:20:50,T-Mobile Revvl 7 Pro 5G 256GB GSM UNLOCKED Smartphone Azurite Blue Brand New,149.99,299.99,Seller pays for return shipping,https://www.ebay.com/itm/197648939917?_trkparms=5373%3A5000006400%7C5374%3ATech%7C5079%3A5000006400,50.0
2025-11-01 12:20:50,Western Digital WD 24TB Red Pro NAS SATA HDD Internal Hard Drive HDD-WD241KFGX,439.99,479.99,Save on combined shipping,https://www.ebay.com/itm/297106219808?_trkparms=5373%3A5000006400%7C5374%3ATech%7C5079%3A5000006400,8.33
2025-11-01 12:20:50,"Dell C1C3P Inspiron 13 7390 7391 13"" FHD LCD Touch screen Assembly 2-in-1 SEALED",26.99,31.04,Seller pays for return shipping,https://www.ebay.com/itm/297607749359?_trkparms=5373%3A5000006400%7C5374%3ATech%7C5079%3A5000006400,13.05
2025-11-01 12:20:50,"BenQ PD3225U 31.5"" 4K UHD 60Hz 5ms GTG IPS Thunderbolt 3 HDR10 Designer Monitor",735.0,1099.99,Seller pays for return shipping,https://www.ebay.com/itm/166852922447?_trkparms=5373%3A5000006400%7C5374%3ATech%7C5079%3A5000006400,33.18
2025-11-01 12:20:50,Apple iPhone 16 256GB Factory Unlocked Open Box Mint Smartphone A3081,684.2,899.0,Seller pays for return shipping,https://www.ebay.com/itm/306115164346?_trkparms=5373%3A5000006400%7C5374%3ATech%7C5079%3A5000006400,23.89
2025-11-01 12:20:50,Apple iPhone 14 Pro Max 512GB Unlocked AT&T T-Mobile Verizon Very Good Condition,518.95,1399.0,Seller pays for return shipping,https://www.ebay.com/itm/304896790309?_trkparms=5373%3A5000006400%7C5374%3ATech%7C5079%3A5000006400,62.91
2025-11-01 12:20:50,Apple iPhone 15 Pro 128GB Unlocked AT&T T-Mobile Verizon Very Good Condition,516.95,999.0,Seller pays for return shipping,https://www.ebay.com/itm/305347847864?_trkparms=5373%3A5000006400%7C5374%3ATech%7C5079%3A5000006400,48.25
2025-11-01 12:20:50,Samsung Galaxy S25+ PLUS SM-S936U1 256GB 512GB FACTORY UNLOCKED,599.0,599.0,Shipping info unavailable,https://www.ebay.com/itm/127100653669?_trkparms=5373%3A5000006400%7C5374%3ATech%7C5079%3A5000006423,0.0
2025-11-01 12:20:50,Pokemon Shining Pearl - Nintendo Switch,39.99,59.99,"Buyer pays for return shipping. If you use an eBay shipping label, it will be deducted from your refund amount",https://www.ebay.com/itm/406288206525?_trkparms=5373%3A5000006400%7C5374%3ATech%7C5079%3A5000006401,33.34
2025-11-01 12:20:50,WD 20TB WD Gold Enterprise Class SATA HDD Internal Hard Drive HDD - WD202KRYZ,379.99,419.99,Save on combined shipping,https://www.ebay.com/itm/297401321463?_trkparms=5373%3A5000006400%7C5374%3ATech%7C5079%3A5000006421,9.52
2025-11-01 12:20:50,Bose QuietComfort 45 QC45 Noise Cancelling Wireless Bluetooth Headphone - Black,159.0,159.0,Shipping info unavailable,https://www.ebay.com/itm/376266545408?_trkparms=5373%3A5000006400%7C5374%3ATech%7C5079%3A5000006403,0.0
2025-11-01 12:20:50,Vera Bradley Women's Outlet Cotton Laptop Sleeve NWT,23.7,59.0,"Buyer pays for return shipping. If you use an eBay shipping label, it will be deducted from your refund amount",https://www.ebay.com/itm/365931063437?_trkparms=5373%3A5000006400%7C5374%3ATech%7C5079%3A5000006427,59.83
2025-11-01 12:20:50,Vera Bradley Outlet Large Tech Sleeve,19.5,45.0,"Buyer pays for return shipping. If you use an eBay shipping label, it will be deducted from your refund amount",https://www.ebay.com/itm/365748839501?_trkparms=5373%3A5000006400%7C5374%3ATech%7C5079%3A5000006427,56.67
2025-11-01 15:10:52,Apple iPhone 15 Pro A2848 128GB Unlocked - Very Good Condition,484.99,1099.99,Seller pays for return shipping,https://www.ebay.com/itm/356227875584?_trkparms=5373%3A5000006400%7C5374%3ATech%7C5079%3A5000006400,55.91
2025-11-01 15:10:52,Apple iPhone 14 Pro Max 256GB Unlocked Very Good Condition,448.99,899.99,Seller pays for return shipping,https://www.ebay.com/itm/355896538160?_trkparms=5373%3A5000006400%7C5374%3ATech%7C5079%3A5000006400,50.11
2025-11-01 15:10:52,Apple iPhone 15 Pro A2848 256GB Unlocked - Very Good Condition,536.99,1199.99,Seller pays for return shipping,https://www.ebay.com/itm/356227813818?_trkparms=5373%3A5000006400%7C5374%3ATech%7C5079%3A5000006400,55.25
2025-11-01 15:10:52,Skullcandy Crusher Xt Wireless Foldable Over Ear Headphones (refurb) - BLACK,41.99,159.99,Shipping info unavailable,https://www.ebay.com/itm/267286389968?_trkparms=5373%3A5000006400%7C5374%3ATech%7C5079%3A5000006400,73.75
2025-11-01 15:10:52,Apple iPhone 15 Pro Max A2849 256GB Unlocked Very Good,614.99,1299.99,Seller pays for return shipping,https://www.ebay.com/itm/356227859677?_trkparms=5373%3A5000006400%7C5374%3ATech%7C5079%3A5000006400,52.69
2025-11-01 15:10:52,Samsung Galaxy S21 5G SM-G991U1 128GB Unlocked Excellent,153.49,999.99,Seller pays for return shipping,https://www.ebay.com/itm/354341990110?_trkparms=5373%3A5000006400%7C5374%3ATech%7C5079%3A5000006400,84.65
2025-11-01 15:10:52,Apple iPhone 14 128GB Network Unlocked Very Good Condition,278.99,749.99,Seller pays for return shipping,https://www.ebay.com/itm/355095070816?_trkparms=5373%3A5000006400%7C5374%3ATech%7C5079%3A5000006400,62.8
2025-11-01 15:10:52,"Dell Inspiron 16"" FHD+ Touch Intel 7 150U 1.8 GHz 16GB 1TB SSD W11H Laptop, BL",554.0,849.99,Shipping info unavailable,https://www.ebay.com/itm/376496255490?_trkparms=5373%3A5000006400%7C5374%3ATech%7C5079%3A5000006400,34.82
2025-11-01 15:10:52,Apple iPhone 15 256GB Factory Unlocked AT&T T-Mobile Verizon Excellent Condition,498.95,899.0,Seller pays for return shipping,https://www.ebay.com/itm/296106949005?_trkparms=5373%3A5000006400%7C5374%3ATech%7C5079%3A5000006400,44.5
2025-11-01 15:10:52,"Acer Nitro 27"" Monitor WQHD 2560x1440 IPS 180Hz 350Nit 1ms Certified Refurbished",114.07,299.99,Shipping info unavailable,https://www.ebay.com/itm/266634957576?_trkparms=5373%3A5000006400%7C5374%3ATech%7C5079%3A5000006400,61.98
2025-11-01 15:10:52,Apple iPhone 16 Pro Max 256GB Unlocked Excellent Condition,895.99,1699.99,Seller pays for return shipping,https://www.ebay.com/itm/356605681295?_trkparms=5373%3A5000006400%7C5374%3ATech%7C5079%3A5000006400,47.29
2025-11-01 15:10:52,FosPower Gold Plated Dual Layer RCA S/PDIF Digital Coaxial Coax Audio Cable Plug,8.99,17.99,Standard Shipping,https://www.ebay.com/itm/311504990482?_trkparms=5373%3A5000006400%7C5374%3ATech%7C5079%3A5000006400,50.03
2025-11-01 15:10:52,Apple iPhone 15 Pro Max A2849 512GB Unlocked Excellent Condition,726.99,1499.99,Seller pays for return shipping,https://www.ebay.com/itm/357482540114?_trkparms=5373%3A5000006400%7C5374%3ATech%7C5079%3A5000006400,51.53
2025-11-01 15:10:52,Apple iPhone 14 Pro Max 128GB Network Unlocked Very Good Condition,458.99,899.99,Seller pays for return shipping,https://www.ebay.com/itm/355094939620?_trkparms=5373%3A5000006400%7C5374%3ATech%7C5079%3A5000006400,49.0
2025-11-01 15:10:52,Apple iPhone 15 Pro Max A2849 256GB Unlocked Excellent Condition,676.99,1299.99,Seller pays for return shipping,https://www.ebay.com/itm/356895100574?_trkparms=5373%3A5000006400%7C5374%3ATech%7C5079%3A5000006400,47.92
2025-11-01 15:10:52,Apple iPhone 15 A2846 256GB Unlocked Very Good Condition,471.99,949.99,Seller pays for return shipping,https://www.ebay.com/itm/357341402304?_trkparms=5373%3A5000006400%7C5374%3ATech%7C5079%3A5000006400,50.32
2025-11-01 15:10:52,Apple iPhone 15 A2846 128GB Unlocked Very Good Condition,426.99,899.99,Seller pays for return shipping,https://www.ebay.com/itm/356036255923?_trkparms=5373%3A5000006400%7C5374%3ATech%7C5079%3A5000006400,52.56
2025-11-01 15:10:52,Apple iPhone 16e 128GB Unlocked Excellent Condition,376.99,1199.99,Seller pays for return shipping,https://www.ebay.com/itm/357518005199?_trkparms=5373%3A5000006400%7C5374%3ATech%7C5079%3A5000006400,68.58
2025-11-01 15:10:52,"ASUS Vivobook S14 14"" OLED AMD Ryzen AI 9 365 32GB 1TB SSD W11H, Copilot+ Laptop",803.7,1249.99,Shipping info unavailable,https://www.ebay.com/itm/167426614021?_trkparms=5373%3A5000006400%7C5374%3ATech%7C5079%3A5000006400,35.7
2025-11-01 15:10:52,Apple iPhone 16 Pro 256GB Unlocked AT&T T-Mobile Verizon Excellent Condition,773.95,1099.0,Seller pays for return shipping,https://www.ebay.com/itm/305941852056?_trkparms=5373%3A5000006400%7C5374%3ATech%7C5079%3A5000006400,29.58
2025-11-01 15:10:52,Apple iPhone 16 Pro 512GB Unlocked Good Condition,749.0,1052.0,Seller pays for return shipping,https://www.ebay.com/itm/227030019541?_trkparms=5373%3A5000006400%7C5374%3ATech%7C5079%3A5000006400,28.8
2025-11-01 15:10:52,Samsung Galaxy S23 Ultra 512GB S918U Unlocked - Excellent,441.99,1379.99,Seller pays for return shipping,https://www.ebay.com/itm/256482045980?_trkparms=5373%3A5000006400%7C5374%3ATech%7C5079%3A5000006400,67.97
2025-11-01 15:10:52,"2021 Apple iPad Pro 5 128GB WiFi Only 12.9"" - (Space Gray) A2378 w/Year Warranty",425.94,1099.0,Seller pays for return shipping,https://www.ebay.com/itm/376476762053?_trkparms=5373%3A5000006400%7C5374%3ATech%7C5079%3A5000006400,61.24
2025-11-01 15:10:52,"Apple iPhone 15 6.1"" A2846 Unlocked w/128GB (Black) - Very Good",438.0,799.0,Seller pays for return shipping,https://www.ebay.com/itm/376217115038?_trkparms=5373%3A5000006400%7C5374%3ATech%7C5079%3A5000006400,45.18
2025-11-01 15:10:52,"Acer 16"" PM161Q ABMIUUZX Portable Widescreen LCD Monitor Full HD 1920√ó1080 60Hz",46.91,139.99,Shipping info unavailable,https://www.ebay.com/itm/267228772305?_trkparms=5373%3A5000006400%7C5374%3ATech%7C5079%3A5000006400,66.49
2025-11-01 15:10:52,Apple iPhone 14 Pro Silver 256GB Good - Refurbished - Unlocked,454.99,454.99,Seller pays for return shipping,https://www.ebay.com/itm/127244140439?_trkparms=5373%3A5000006400%7C5374%3ATech%7C5079%3A5000006423,0.0
2025-11-01 15:10:52,"Microsoft Xbox Wireless Controller For Xbox Series X / S, Xbox One & Windows PC",43.49,70.0,Seller pays for return shipping,https://www.ebay.com/itm/275287871839?_trkparms=5373%3A5000006400%7C5374%3ATech%7C5079%3A5000006401,37.87
2025-11-01 15:10:52,College Football 26 - Sony PlayStation 5 PS5 Physical In Box,38.45,70.0,Seller pays for return shipping,https://www.ebay.com/itm/277349335990?_trkparms=5373%3A5000006400%7C5374%3ATech%7C5079%3A5000006401,45.07
2025-11-01 15:10:52,Canon RF 75-300mm f/4-5.6 Compact Telephoto Zoom Lens for RF Mount,239.0,290.0,Seller pays for return shipping,https://www.ebay.com/itm/376543088547?_trkparms=5373%3A5000006400%7C5374%3ATech%7C5079%3A5000006425,17.59
2025-11-01 18:15:43,"Acer Portable Monitor 15.6"" Full HD IPS 1920x1080 60Hz 5ms 300Nit Good Condition",38.63,139.99,Shipping info unavailable,https://www.ebay.com/itm/256905415945?_trkparms=5373%3A5000006400%7C5374%3ATech%7C5079%3A5000006400,72.41
2025-11-01 18:15:43,"Acer 15.6i"" Portable Monitor FullHD 1920x1080 IPS 5ms 60Hz Very Good Condition",40.47,139.99,Shipping info unavailable,https://www.ebay.com/itm/267229717756?_trkparms=5373%3A5000006400%7C5374%3ATech%7C5079%3A5000006400,71.09
2025-11-01 18:15:43,Apple iPhone 14 Pro 256GB Network Unlocked Excellent Condition,436.99,849.99,Seller pays for return shipping,https://www.ebay.com/itm/355896525148?_trkparms=5373%3A5000006400%7C5374%3ATech%7C5079%3A5000006400,48.59
2025-11-01 18:15:43,"Acer 31.5"" Nitro Curved Monitor LED WQHD 144Hz 1 ms 2560x1440 XZ322QU V3bmiiphx",121.43,249.99,Shipping info unavailable,https://www.ebay.com/itm/256547414823?_trkparms=5373%3A5000006400%7C5374%3ATech%7C5079%3A5000006400,51.43
2025-11-01 18:15:43,"Acer 15.6"" Portable Monitor FHD 1920x1080 60Hz Black PM161Q Very Good Condition",37.71,99.99,Shipping info unavailable,https://www.ebay.com/itm/277333168153?_trkparms=5373%3A5000006400%7C5374%3ATech%7C5079%3A5000006400,62.29
2025-11-01 18:15:43,"Acer Chromebook 314 - 14i"" Intel N4500 4GB 128GB SSD 1.1GHz Very Good Condition",76.35,249.99,Shipping info unavailable,https://www.ebay.com/itm/267099988428?_trkparms=5373%3A5000006400%7C5374%3ATech%7C5079%3A5000006400,69.46
2025-11-01 18:15:43,"Acer Chromebook Plus 514 14"" Touchscreen R3 7320C 128GB - Certified Refurbished",192.27,399.99,Shipping info unavailable,https://www.ebay.com/itm/266896713897?_trkparms=5373%3A5000006400%7C5374%3ATech%7C5079%3A5000006400,51.93
2025-11-01 18:15:43,IRIS Connect 32GB Unlocked,27.99,89.99,Seller pays for return shipping,https://www.ebay.com/itm/256988813243?_trkparms=5373%3A5000006400%7C5374%3ATech%7C5079%3A5000006400,68.9
2025-11-01 18:15:43,Eero 6 AX1800 1800 Mbps 4 Port 900 Mbps Dual-Band Mesh Wi-Fi 6 System -bw2,94.99,109.24,Standard Shipping,https://www.ebay.com/itm/297403136897?_trkparms=5373%3A5000006400%7C5374%3ATech%7C5079%3A5000006400,13.04
2025-11-01 18:15:43,Samsung Galaxy S24 Ultra 512GB S928U Unlocked - Excellent,627.99,1419.99,Seller pays for return shipping,https://www.ebay.com/itm/256754180033?_trkparms=5373%3A5000006400%7C5374%3ATech%7C5079%3A5000006400,55.78
2025-11-01 18:15:43,"Apple iPad 10.9"" 10th Gen (2022), 64GB, Wi-Fi - Very Good - 1 YEAR WARRANTY",248.26,669.85,Seller pays for return shipping,https://www.ebay.com/itm/186157081556?_trkparms=5373%3A5000006400%7C5374%3ATech%7C5079%3A5000006400,62.94
2025-11-01 18:15:43,Apple iPhone 16 Pro 128GB Unlocked Very Good Condition,664.99,1399.99,Seller pays for return shipping,https://www.ebay.com/itm/356605660694?_trkparms=5373%3A5000006400%7C5374%3ATech%7C5079%3A5000006400,52.5
2025-11-01 18:15:43,Apple iPhone 13 A2482 128GB Network Unlocked Very Good Condition,272.99,599.99,Seller pays for return shipping,https://www.ebay.com/itm/354393355064?_trkparms=5373%3A5000006400%7C5374%3ATech%7C5079%3A5000006400,54.5
2025-11-01 18:15:43,"Acer 15.6"" Portable Monitor Full HD 1920x1080 60Hz Black PM161Q Good Condition",35.87,99.99,Shipping info unavailable,https://www.ebay.com/itm/277333186162?_trkparms=5373%3A5000006400%7C5374%3ATech%7C5079%3A5000006400,64.13
2025-11-01 18:15:43,Apple Watch SE 40mm 44mm GPS + WiFi + Cellular Pink Gold Gray Silver - Good,92.39,299.99,Shipping info unavailable,https://www.ebay.com/itm/314285776503?_trkparms=5373%3A5000006400%7C5374%3ATech%7C5079%3A5000006400,69.2
2025-11-01 18:15:43,Lenovo ThinkPad T14 Gen 1 Laptop AMD Ryzen 5 PRO 4650U 16GB Memory 256 GB SSD AM,241.99,369.99,Economy Shipping,https://www.ebay.com/itm/297709463505?_trkparms=5373%3A5000006400%7C5374%3ATech%7C5079%3A5000006400,34.6
2025-11-01 18:15:43,Apple Watch Series 7 45mm (GPS + Cellular) Aluminum Case - Very Good,130.99,529.0,Seller pays for return shipping,https://www.ebay.com/itm/255549253466?_trkparms=5373%3A5000006400%7C5374%3ATech%7C5079%3A5000006400,75.24
2025-11-01 18:15:43,"Apple iPad 10.9"" 10th Gen, 64GB, Wi-Fi - All Colors - Good - 1 YEAR WARRANTY",229.86,599.85,Seller pays for return shipping,https://www.ebay.com/itm/176020199196?_trkparms=5373%3A5000006400%7C5374%3ATech%7C5079%3A5000006400,61.68
2025-11-01 18:15:43,"Dell Touchscreen Chromebook 3100 11"" Celeron 1.1GHz/4GB/32GB P30T001 w/Warranty",38.13,160.0,Seller pays for return shipping,https://www.ebay.com/itm/144965228566?_trkparms=5373%3A5000006400%7C5374%3ATech%7C5079%3A5000006400,76.17
2025-11-01 18:15:43,"Bose QuietComfort Ultra Noise Cancelling Earbuds, Certified Refurbished",159.0,249.0,Shipping info unavailable,https://www.ebay.com/itm/186465664855?_trkparms=5373%3A5000006400%7C5374%3ATech%7C5079%3A5000006400,36.14
2025-11-01 18:15:43,"HP Omen 16"" WQXGA IPS 240Hz RTX 5070 Ultra 9 285H Gaming Laptop 16GB RAM 1TB SSD",1399.99,1849.99,Seller pays for return shipping,https://www.ebay.com/itm/297474804193?_trkparms=5373%3A5000006400%7C5374%3ATech%7C5079%3A5000006400,24.32
2025-11-01 18:15:43,Samsung Galaxy S24 128GB S921U Unlocked - Excellent,325.99,799.99,Seller pays for return shipping,https://www.ebay.com/itm/256496745168?_trkparms=5373%3A5000006400%7C5374%3ATech%7C5079%3A5000006400,59.25
2025-11-01 18:15:43,"15.6"" Lenovo ThinkPad Laptop: Intel i5! 16GB RAM! 256GB SSD! Zorin Core Edition!",147.95,247.95,Seller pays for return shipping,https://www.ebay.com/itm/116511649267?_trkparms=5373%3A5000006400%7C5374%3ATech%7C5079%3A5000006400,40.33
2025-11-01 18:15:43,Fitness Boxing 3: Your Personal Trainer - Nintendo Switch Physical Brand New,28.75,60.0,Shipping info unavailable,https://www.ebay.com/itm/277463727481?_trkparms=5373%3A5000006400%7C5374%3ATech%7C5079%3A5000006401,52.08
2025-11-01 18:15:43,"Apple iPad Air 10.9"" 4th Gen, 64GB, Wi-Fi - Gray - Very Good - 1 YEAR WARRANTY",249.85,699.0,Seller pays for return shipping,https://www.ebay.com/itm/184843233675?_trkparms=5373%3A5000006400%7C5374%3ATech%7C5079%3A5000006415,64.26
2025-11-01 18:15:43,"Apple iPad Air 10.9"" 4th Gen, 64GB, Wi-Fi - VERY GOOD - 1 YEAR WARRANTY",229.86,659.85,Seller pays for return shipping,https://www.ebay.com/itm/175242586112?_trkparms=5373%3A5000006400%7C5374%3ATech%7C5079%3A5000006415,65.16
2025-11-01 18:15:43,"Apple iPad Air 10.9"" 4th Gen, 64GB, Wi-Fi + 4G - Very Good - 1 YEAR WARRANTY",248.26,689.85,Seller pays for return shipping,https://www.ebay.com/itm/175245221135?_trkparms=5373%3A5000006400%7C5374%3ATech%7C5079%3A5000006415,64.01
2025-11-01 18:15:43,Canon Maxify GX4020 Wireless Versatile MegaTank Compact All In One Color Printer,539.0,539.0,Seller pays for return shipping,https://www.ebay.com/itm/285917002255?_trkparms=5373%3A5000006400%7C5374%3ATech%7C5079%3A5000006417,0.0
2025-11-01 21:10:09,"Apple iPad 9th Gen 10.2"" - 64GB - Wifi Only - Very Good",166.0,329.0,Seller pays for return shipping,https://www.ebay.com/itm/166318925460?_trkparms=5373%3A5000006400%7C5374%3ATech%7C5079%3A5000006400,49.54
2025-11-01 21:10:09,Apple iPhone 15 Plus 128GB Unlocked Very Good Condition,459.99,999.99,Seller pays for return shipping,https://www.ebay.com/itm/356312979103?_trkparms=5373%3A5000006400%7C5374%3ATech%7C5079%3A5000006400,54.0
2025-11-01 21:10:09,Apple iPhone 14 Pro A2650 AT&T Only 128GB Space Black Good,377.99,899.99,Seller pays for return shipping,https://www.ebay.com/itm/186531815824?_trkparms=5373%3A5000006400%7C5374%3ATech%7C5079%3A5000006400,58.0
2025-11-01 21:10:09,Apple iPhone 14 Pro Max 512GB Unlocked Very Good Condition,509.99,949.99,Seller pays for return shipping,https://www.ebay.com/itm/356344723615?_trkparms=5373%3A5000006400%7C5374%3ATech%7C5079%3A5000006400,46.32
2025-11-01 21:10:09,Skullcandy DIME XT2 True Wireless Earbuds - True Black (Certified Refurbished),10.99,29.99,Shipping info unavailable,https://www.ebay.com/itm/374643214638?_trkparms=5373%3A5000006400%7C5374%3ATech%7C5079%3A5000006400,63.35
2025-11-01 21:10:09,Apple iPhone 16+ A3082 256GB Unlocked Very Good Condition,666.99,1499.99,Seller pays for return shipping,https://www.ebay.com/itm/357482206064?_trkparms=5373%3A5000006400%7C5374%3ATech%7C5079%3A5000006400,55.53
2025-11-01 21:10:09,Skullcandy-Smokin' Buds XT - Midnight Smoke (Certified Refurbished),10.99,24.99,Shipping info unavailable,https://www.ebay.com/itm/267148897031?_trkparms=5373%3A5000006400%7C5374%3ATech%7C5079%3A5000006400,56.02
2025-11-01 21:10:09,"Lenovo Legion 5 15.1"" OLED WQXGA 165HZ RTX 5060 AMD Ryzen 7 260 Gaming Laptop",999.99,1399.99,Seller pays for return shipping,https://www.ebay.com/itm/127210724599?_trkparms=5373%3A5000006400%7C5374%3ATech%7C5079%3A5000006400,28.57
2025-11-01 21:10:09,Apple Pencil (USB-C) - White Stylus MUWA3AM/A with Pixel-Perfect Precision,51.75,79.0,Seller pays for return shipping,https://www.ebay.com/itm/296262723993?_trkparms=5373%3A5000006400%7C5374%3ATech%7C5079%3A5000006400,34.49
2025-11-01 21:10:09,"Acer Predator Helios Neo 14 14.5""Gaming Notebook NVIDIA GeForce RTX4070 16GB 1TB",868.47,1699.99,Shipping info unavailable,https://www.ebay.com/itm/256704364915?_trkparms=5373%3A5000006400%7C5374%3ATech%7C5079%3A5000006400,48.91
2025-11-01 21:10:09,Apple iPhone 16 128GB Unlocked Excellent Condition,571.99,1299.99,Seller pays for return shipping,https://www.ebay.com/itm/356605688915?_trkparms=5373%3A5000006400%7C5374%3ATech%7C5079%3A5000006400,56.0
2025-11-01 21:10:09,Apple iPad 11-inch (A16) A3355 128GB Wi-Fi +5G Cellular- Unlocked - Excellent,325.99,749.0,Seller pays for return shipping,https://www.ebay.com/itm/167717241246?_trkparms=5373%3A5000006400%7C5374%3ATech%7C5079%3A5000006400,56.48
2025-11-01 21:10:09,Samsung Galaxy A54 5G SM-A546U Xfinity Only 128GB Awesome Black Very Good,83.99,449.99,Seller pays for return shipping,https://www.ebay.com/itm/186586543998?_trkparms=5373%3A5000006400%7C5374%3ATech%7C5079%3A5000006400,81.34
2025-11-01 21:10:09,Logitech G PRO X 2 Wireless Gaming Headset - 981-001268,129.99,279.99,Seller pays for return shipping,https://www.ebay.com/itm/167017878525?_trkparms=5373%3A5000006400%7C5374%3ATech%7C5079%3A5000006401,53.57
2025-11-01 21:10:09,"Apple iPad Air 10.9"" 4th Gen 2020, 64GB, Wi-Fi - GOOD - 1 YEAR WARRANTY",220.66,649.85,Seller pays for return shipping,https://www.ebay.com/itm/203915852886?_trkparms=5373%3A5000006400%7C5374%3ATech%7C5079%3A5000006415,66.04
2025-11-02 00:59:09,"Acer 27"" Gaming Monitor LED 240Hz 2560x1440 1ms | XF273U | Certified Refurbished",126.95,399.99,Shipping info unavailable,https://www.ebay.com/itm/256365232347?_trkparms=5373%3A5000006400%7C5374%3ATech%7C5079%3A5000006400,68.26
2025-11-02 00:59:09,Apple Watch Series 7 45mm GPS + WiFi + Cellular Unlocked Aluminum Case - Good,120.79,299.99,Shipping info unavailable,https://www.ebay.com/itm/404057662889?_trkparms=5373%3A5000006400%7C5374%3ATech%7C5079%3A5000006400,59.74
2025-11-02 00:59:09,Apple iPhone 13 128GB Unlocked - Excellent,284.95,699.0,Seller pays for return shipping,https://www.ebay.com/itm/404240045218?_trkparms=5373%3A5000006400%7C5374%3ATech%7C5079%3A5000006400,59.23
2025-11-02 00:59:09,Apple iPhone 16 Plus 128GB Unlocked Very Good Condition,602.99,1399.99,Seller pays for return shipping,https://www.ebay.com/itm/356605671415?_trkparms=5373%3A5000006400%7C5374%3ATech%7C5079%3A5000006400,56.93
2025-11-02 00:59:09,Apple iPhone 15 Pro A2848 256GB Unlocked Excellent Condition,588.99,1199.99,Seller pays for return shipping,https://www.ebay.com/itm/356895116213?_trkparms=5373%3A5000006400%7C5374%3ATech%7C5079%3A5000006400,50.92
2025-11-02 00:59:09,"Acer KB272 G0BI 27"" Full HD IPS Monitor ‚Äì 120Hz, 1ms VRB, AMD FreeSync, LCD",65.31,149.99,Shipping info unavailable,https://www.ebay.com/itm/256992973721?_trkparms=5373%3A5000006400%7C5374%3ATech%7C5079%3A5000006400,56.46
2025-11-02 00:59:09,Samsung Galaxy S22+ 5G SM-S906U1 128GB 256GB Unlocked Very Good Refurbished,172.99,1199.99,Seller pays for return shipping,https://www.ebay.com/itm/204769428202?_trkparms=5373%3A5000006400%7C5374%3ATech%7C5079%3A5000006400,85.58
2025-11-02 00:59:09,Samsung Galaxy S21 5G SM-G991U 128GB 256GB Unlocked Very Good Refurbished,135.99,1199.99,Seller pays for return shipping,https://www.ebay.com/itm/185698601733?_trkparms=5373%3A5000006400%7C5374%3ATech%7C5079%3A5000006400,88.67
2025-11-02 00:59:09,Apple iPhone 16 128GB Unlocked Very Good Condition,547.99,1299.99,Seller pays for return shipping,https://www.ebay.com/itm/356605678205?_trkparms=5373%3A5000006400%7C5374%3ATech%7C5079%3A5000006400,57.85
2025-11-02 00:59:09,Apple MacBook Pro 2024 - M4 Pro 14CPU/20GPU 24GB 16.2in - 512GB SSD - Excellent,1699.0,3199.0,Seller pays for return shipping,https://www.ebay.com/itm/167797496394?_trkparms=5373%3A5000006400%7C5374%3ATech%7C5079%3A5000006400,46.89
2025-11-02 00:59:09,Apple iPhone 15 Pro Max 512GB Unlocked AT&T T-Mobile Verizon Excellent Condition,698.95,1399.95,Seller pays for return shipping,https://www.ebay.com/itm/296146566883?_trkparms=5373%3A5000006400%7C5374%3ATech%7C5079%3A5000006400,50.07
2025-11-02 00:59:09,Samsung Galaxy S24 Ultra 512GB S928U Unlocked - Very Good,604.99,1419.99,Shipping info unavailable,https://www.ebay.com/itm/256652847224?_trkparms=5373%3A5000006400%7C5374%3ATech%7C5079%3A5000006400,57.39
2025-11-02 00:59:09,Logitech G733 Wireless Gaming Headset - Black,63.0,129.99,Seller pays for return shipping,https://www.ebay.com/itm/167829808034?_trkparms=5373%3A5000006400%7C5374%3ATech%7C5079%3A5000006401,51.53
2025-11-02 03:42:08,Samsung Galaxy S22 5G SM-S901U1F 128GB 256GB Factory Unlocked Excellent,167.99,999.99,Shipping info unavailable,https://www.ebay.com/itm/204721986791?_trkparms=5373%3A5000006400%7C5374%3ATech%7C5079%3A5000006400,83.2
2025-11-02 03:42:08,Samsung Galaxy S23 Ultra 256GB S918U Unlocked - Very Good,395.99,1199.99,Seller pays for return shipping,https://www.ebay.com/itm/256379350872?_trkparms=5373%3A5000006400%7C5374%3ATech%7C5079%3A5000006400,67.0
2025-11-02 03:42:08,Apple iPhone 14 Pro A2650 128GB Network Unlocked Very Good Condition,406.99,799.99,Seller pays for return shipping,https://www.ebay.com/itm/354954088639?_trkparms=5373%3A5000006400%7C5374%3ATech%7C5079%3A5000006400,49.13
2025-11-02 03:42:08,Apple iPhone 14 128GB Unlocked - Excellent,310.95,799.0,Seller pays for return shipping,https://www.ebay.com/itm/364506177072?_trkparms=5373%3A5000006400%7C5374%3ATech%7C5079%3A5000006400,61.08
2025-11-02 03:42:08,Apple AirPods 2nd Gen Replacement Charging Case A2862 White - Excellent,12.99,129.0,Shipping info unavailable,https://www.ebay.com/itm/156191419868?_trkparms=5373%3A5000006400%7C5374%3ATech%7C5079%3A5000006400,89.93
2025-11-02 03:42:08,Samsung Galaxy S24 Ultra 512GB S928U Unlocked - Good,581.99,1419.99,Shipping info unavailable,https://www.ebay.com/itm/256652847329?_trkparms=5373%3A5000006400%7C5374%3ATech%7C5079%3A5000006400,59.01
2025-11-02 03:42:08,Apple iPhone 15 A2846 128GB Unlocked Excellent Condition,453.99,899.99,Seller pays for return shipping,https://www.ebay.com/itm/356036252976?_trkparms=5373%3A5000006400%7C5374%3ATech%7C5079%3A5000006400,49.56
2025-11-02 03:42:08,Samsung Galaxy Z Fold5 512GB F946U Unlocked - Excellent,511.99,1799.99,Shipping info unavailable,https://www.ebay.com/itm/256612382690?_trkparms=5373%3A5000006400%7C5374%3ATech%7C5079%3A5000006400,71.56
2025-11-02 03:42:08,"2020 Apple MacBook Air 13.3"" M1 3.2GHz 8GB 128GB 7-Core GPU w/1 year Warranty",328.99,699.0,Seller pays for return shipping,https://www.ebay.com/itm/145990655755?_trkparms=5373%3A5000006400%7C5374%3ATech%7C5079%3A5000006400,52.93
2025-11-02 06:17:30,"Acer 15.6"" Chromebook 315 Laptop Intel Processor N4500 4GB RAM 64GB Purple",114.07,199.0,Shipping info unavailable,https://www.ebay.com/itm/267047263565?_trkparms=5373%3A5000006400%7C5374%3ATech%7C5079%3A5000006400,42.68
2025-11-02 06:17:30,"Acer 315 15.6"" Chromebook Intel N6000 1.1GHz 4GB RAM 128GB SSD | Good Condition",99.35,279.99,Shipping info unavailable,https://www.ebay.com/itm/267069131057?_trkparms=5373%3A5000006400%7C5374%3ATech%7C5079%3A5000006400,64.52
2025-11-02 06:17:30,"Acer 27"" Gaming Monitor XF273M3 180Hz 1920x1080 1ms Good Condition",76.35,249.99,Shipping info unavailable,https://www.ebay.com/itm/256365232082?_trkparms=5373%3A5000006400%7C5374%3ATech%7C5079%3A5000006400,69.46
2025-11-02 06:17:30,Samsung Galaxy A11 32GB A115U Unlocked,69.99,199.99,Seller pays for return shipping,https://www.ebay.com/itm/257102086894?_trkparms=5373%3A5000006400%7C5374%3ATech%7C5079%3A5000006400,65.0
2025-11-02 06:17:30,Samsung Galaxy S23 128GB FACTORY UNLOCKED Verizon ATT TMobile Metro - EXCELLENT,229.48,799.99,Seller pays for return shipping,https://www.ebay.com/itm/126995399789?_trkparms=5373%3A5000006400%7C5374%3ATech%7C5079%3A5000006400,71.31
2025-11-02 06:17:30,"Acer Aspire 3-15.6"" Laptop AMD Ryzen 5 2.8GHz 16GB 1TB SSD Certified Refurbished",275.07,499.99,Shipping info unavailable,https://www.ebay.com/itm/266889342994?_trkparms=5373%3A5000006400%7C5374%3ATech%7C5079%3A5000006400,44.98
2025-11-02 06:17:30,Apple iPad 8 10.2in 32GB - WiFi Only - Good,100.0,199.0,Shipping info unavailable,https://www.ebay.com/itm/133977554153?_trkparms=5373%3A5000006400%7C5374%3ATech%7C5079%3A5000006400,49.75
2025-11-02 06:17:30,Klipsch Gig XXL Portable Bluetooth Party Speaker with RGB Lights & Karaoke Mic,82.99,349.99,Seller pays for return shipping,https://www.ebay.com/itm/186245428864?_trkparms=5373%3A5000006400%7C5374%3ATech%7C5079%3A5000006400,76.29
2025-11-02 06:17:30,Apple AirPods 3rd Gen Genuine Replacement Right or Left or Charging Case,36.99,36.99,Shipping info unavailable,https://www.ebay.com/itm/133977428318?_trkparms=5373%3A5000006400%7C5374%3ATech%7C5079%3A5000006400,0.0
2025-11-02 06:17:30,REDTIGER F9 4K Dash Cam Front and Rear Dash Camera WiFi GPS with Free 32GB Card,61.99,121.99,Shipping info unavailable,https://www.ebay.com/itm/285572040505?_trkparms=5373%3A5000006400%7C5374%3ATech%7C5079%3A5000006400,49.18
2025-11-02 06:17:30,SimpliSafe ES3 (4-Pack) Entry Door Window Sensor White 3rd Generation Brand New,38.99,59.99,Economy Shipping,https://www.ebay.com/itm/197615095991?_trkparms=5373%3A5000006400%7C5374%3ATech%7C5079%3A5000006400,35.01
